no,familia,anio,md5,sha1,sha256,url_origen,existe,virustotal,porc_deteccion,procesador,so_formato,cve,cve_link,first_seen,file_name,file_size,tags,reporter
1,Gafgyt,2026,c5c6b555a812dfac21ce4346492b8334,06e714255e2655b699bf109da185363c1e1fdafb,557be61a3ae58ab2cb9b98d1fb114768893f1e4f0f0970d0ab0e5f04792d5ed9,https://bazaar.abuse.ch/sample/557be61a3ae58ab2cb9b98d1fb114768893f1e4f0f0970d0ab0e5f04792d5ed9/,Si,https://www.virustotal.com/gui/file/557be61a3ae58ab2cb9b98d1fb114768893f1e4f0f0970d0ab0e5f04792d5ed9,,,Linux / ELF,,,2026-05-17 07:37:40,SH4,91096,"elf, gafgyt",abuse_ch
2,Gafgyt,2026,43852e1d061d307d35bad223b9b19d96,dd2ade31613d91c9bbd69b1defa37d714af58b32,414702db23454687a56911078cefbad7e860860a6a79a89a9d5bfa7a40d9ff4f,https://bazaar.abuse.ch/sample/414702db23454687a56911078cefbad7e860860a6a79a89a9d5bfa7a40d9ff4f/,Si,https://www.virustotal.com/gui/file/414702db23454687a56911078cefbad7e860860a6a79a89a9d5bfa7a40d9ff4f,,,Linux / ELF,,,2026-05-17 07:43:37,M68K,98480,"elf, gafgyt, mirai",abuse_ch
3,Gafgyt,2026,785001b4ccb4df4f5b9f348f589c0f34,2fc9a7110335767d7208e27b7ea8ff3796bb636b,62c3a862a59f257a14cb8bbb923af49378c9f080393c7f4c7e61e8982e8450f8,https://bazaar.abuse.ch/sample/62c3a862a59f257a14cb8bbb923af49378c9f080393c7f4c7e61e8982e8450f8/,Si,https://www.virustotal.com/gui/file/62c3a862a59f257a14cb8bbb923af49378c9f080393c7f4c7e61e8982e8450f8,,,Linux / ELF,,,2026-05-17 07:55:43,ARMV6L,108736,"elf, gafgyt",abuse_ch
4,Gafgyt,2026,f3184db9d82afa98b6045c20eac7fdc8,c3817979bb016c4afb534df0e2a58fe34da0cc0f,05c55f8a397d39f6ec6652c3d417d3be48f9ce0915c9895feacb2bf68ed5ddc6,https://bazaar.abuse.ch/sample/05c55f8a397d39f6ec6652c3d417d3be48f9ce0915c9895feacb2bf68ed5ddc6/,Si,https://www.virustotal.com/gui/file/05c55f8a397d39f6ec6652c3d417d3be48f9ce0915c9895feacb2bf68ed5ddc6,,,Linux / ELF,,,2026-05-17 08:01:40,ARMV5L,96512,"elf, gafgyt",abuse_ch
5,Gafgyt,2026,3304c75fb3eb42c1ea8ef78312a0c16d,fc1b50852e41bd822a8cef1e36bc7cab86fbbf66,77870f6e32d945eac83dca26c0b515b0a5d244190adc526b6352fb063c9c1670,https://bazaar.abuse.ch/sample/77870f6e32d945eac83dca26c0b515b0a5d244190adc526b6352fb063c9c1670/,Si,https://www.virustotal.com/gui/file/77870f6e32d945eac83dca26c0b515b0a5d244190adc526b6352fb063c9c1670,,,Linux / ELF,,,2026-05-17 13:01:39,X86_64,88680,"elf, gafgyt",abuse_ch
6,Gafgyt,2026,3e6caa4db851ab6e5a3e933aa351657e,3dad7c3eab0efb2af5adab9e7b0f5f41bc6531a3,91521f3f0978d2268974925857388099d0f39164b1aad6000cc36b198f06301b,https://bazaar.abuse.ch/sample/91521f3f0978d2268974925857388099d0f39164b1aad6000cc36b198f06301b/,Si,https://www.virustotal.com/gui/file/91521f3f0978d2268974925857388099d0f39164b1aad6000cc36b198f06301b,,,Linux / ELF,,,2026-05-17 16:24:53,arm61,139585,"elf, gafgyt",abuse_ch
7,Gafgyt,2026,1f4d959e8734d5faa1a85d6fde5e6770,00b8f57383f201f511114cffab5b1e4e0f3b4cd6,617b103fe31c8d53b7b64bd14c7daaf3b40d09d90658794a144c1217d5fe31fc,https://bazaar.abuse.ch/sample/617b103fe31c8d53b7b64bd14c7daaf3b40d09d90658794a144c1217d5fe31fc/,Si,https://www.virustotal.com/gui/file/617b103fe31c8d53b7b64bd14c7daaf3b40d09d90658794a144c1217d5fe31fc,,,Linux / ELF,,,2026-05-18 07:56:59,i486,118915,"elf, gafgyt",abuse_ch
8,Gafgyt,2026,0a1694dc09057d8cec4a286f592efc72,3abc9e7f5987e9744e980fa9d06a2f8139c70f65,69becc116756292000ea90cea79a79be398c2b063c1638125563dbc61f409ff9,https://bazaar.abuse.ch/sample/69becc116756292000ea90cea79a79be398c2b063c1638125563dbc61f409ff9/,Si,https://www.virustotal.com/gui/file/69becc116756292000ea90cea79a79be398c2b063c1638125563dbc61f409ff9,,,Linux / ELF,,,2026-05-18 07:57:01,sparc,58749,"elf, gafgyt",abuse_ch
9,Gafgyt,2026,e39c3de552786c6adb09bca625e44628,7b78b8a425672c55239f4e963415010ccf3e21cc,83d5ca61a8be05075cdaa48cff27cb698288a56642a5dd36e1917e98234c8c3a,https://bazaar.abuse.ch/sample/83d5ca61a8be05075cdaa48cff27cb698288a56642a5dd36e1917e98234c8c3a/,Si,https://www.virustotal.com/gui/file/83d5ca61a8be05075cdaa48cff27cb698288a56642a5dd36e1917e98234c8c3a,,,Linux / ELF,,,2026-05-18 07:57:02,armv4l,211561,"elf, gafgyt",abuse_ch
10,Gafgyt,2026,c0e398034bcc2d4429a8e3700797d1ca,d0b00b0db250e0775cc030a6b3bb2bb3eb25a620,6707cf875e125fde56fd68733f4484ca9f4905b9ef569f35e75fa0eeeaf1f780,https://bazaar.abuse.ch/sample/6707cf875e125fde56fd68733f4484ca9f4905b9ef569f35e75fa0eeeaf1f780/,Si,https://www.virustotal.com/gui/file/6707cf875e125fde56fd68733f4484ca9f4905b9ef569f35e75fa0eeeaf1f780,,,Linux / ELF,,,2026-05-18 07:57:03,sh4,181550,"elf, gafgyt",abuse_ch
11,Gafgyt,2026,f8dec6d33068e5c156f5c3cf4385196b,54e3a4292bf4bdd79009ac29c634632eb9d0a196,1c04c19289765ac1ed3f231e18866fd3c8fd81b277c6840156af8a09ca82f06c,https://bazaar.abuse.ch/sample/1c04c19289765ac1ed3f231e18866fd3c8fd81b277c6840156af8a09ca82f06c/,Si,https://www.virustotal.com/gui/file/1c04c19289765ac1ed3f231e18866fd3c8fd81b277c6840156af8a09ca82f06c,,,Linux / ELF,,,2026-05-18 07:57:04,armv7l,184659,"elf, gafgyt",abuse_ch
12,Gafgyt,2026,d19be4f0224ce89eda865b59a6333fbb,8f3ce58f54c7c482064e1ef97d593777bb553c93,5ecdb735ed978c5f220af4d2520b46f2a6f6902429dd5bb3a93ae9098168661e,https://bazaar.abuse.ch/sample/5ecdb735ed978c5f220af4d2520b46f2a6f6902429dd5bb3a93ae9098168661e/,Si,https://www.virustotal.com/gui/file/5ecdb735ed978c5f220af4d2520b46f2a6f6902429dd5bb3a93ae9098168661e,,,Linux / ELF,,,2026-05-18 07:57:06,powerpc,196898,"elf, gafgyt",abuse_ch
13,Gafgyt,2026,27e55bf1dcbfb4c36a34d2c56ef8f8a9,a0b4b83be19738b48a811853f1158aacaa842e68,da9387058dfdaeda6517959334ec6e8e11ff1d77401d447ec78a7397834aa21e,https://bazaar.abuse.ch/sample/da9387058dfdaeda6517959334ec6e8e11ff1d77401d447ec78a7397834aa21e/,Si,https://www.virustotal.com/gui/file/da9387058dfdaeda6517959334ec6e8e11ff1d77401d447ec78a7397834aa21e,,,Linux / ELF,,,2026-05-18 07:57:07,mipsel,269535,"elf, gafgyt",abuse_ch
14,Gafgyt,2026,f33c445f76a8c05e5991407bcd9f98b8,57fc4a2be5db584df76350c3f29ef232f4249e20,de4c7a518bc5659071baf32c5ad00ba4d2579f9254ffbc36c3d5e1c279e6c16b,https://bazaar.abuse.ch/sample/de4c7a518bc5659071baf32c5ad00ba4d2579f9254ffbc36c3d5e1c279e6c16b/,Si,https://www.virustotal.com/gui/file/de4c7a518bc5659071baf32c5ad00ba4d2579f9254ffbc36c3d5e1c279e6c16b,,,Linux / ELF,,,2026-05-18 07:57:08,armv5l,204975,"elf, gafgyt",abuse_ch
15,Gafgyt,2026,12b87fa262ce7c4b6aa366fc54d167ef,6a9b52abfabd1a74c898febcce09bd248fddadb3,2ba0efc355a22ed586133e4eadf6f2736f3df6bf38798ebca47f75bdbba067ae,https://bazaar.abuse.ch/sample/2ba0efc355a22ed586133e4eadf6f2736f3df6bf38798ebca47f75bdbba067ae/,Si,https://www.virustotal.com/gui/file/2ba0efc355a22ed586133e4eadf6f2736f3df6bf38798ebca47f75bdbba067ae,,,Linux / ELF,,,2026-05-18 07:57:10,m68k,213227,"elf, gafgyt",abuse_ch
16,Gafgyt,2026,55805d21dc69136950f43435ef2ec656,f96950d6085e6b952c0b9c1107ea211a4c54c9be,a1eb2a4c7598f230a637cd7105e71ad84063b11165625e266757f9de850b9e3f,https://bazaar.abuse.ch/sample/a1eb2a4c7598f230a637cd7105e71ad84063b11165625e266757f9de850b9e3f/,Si,https://www.virustotal.com/gui/file/a1eb2a4c7598f230a637cd7105e71ad84063b11165625e266757f9de850b9e3f,,,Linux / ELF,,,2026-05-18 07:57:12,i686,171861,"elf, gafgyt",abuse_ch
17,Gafgyt,2026,4fa243748502115a51e669b69b42d12c,06f9c9c53820bce5d709b52096ddcd8d1f0f172e,7ea3e22bf3f1c64e391c17cddb890551bb45c74fa62a4247ea57895dd955f1a2,https://bazaar.abuse.ch/sample/7ea3e22bf3f1c64e391c17cddb890551bb45c74fa62a4247ea57895dd955f1a2/,Si,https://www.virustotal.com/gui/file/7ea3e22bf3f1c64e391c17cddb890551bb45c74fa62a4247ea57895dd955f1a2,,,Linux / ELF,,,2026-05-18 07:57:13,mips,266018,"elf, gafgyt",abuse_ch
18,Gafgyt,2026,ed2deb795e7f9d05c07db33f01c34764,0a4db8396650a7ba3ebef8f7581b1e258935a720,4ba6cd287d3c2ffb440f6aaef946a35bb1686a54644d7714c9f0990cca9794c5,https://bazaar.abuse.ch/sample/4ba6cd287d3c2ffb440f6aaef946a35bb1686a54644d7714c9f0990cca9794c5/,Si,https://www.virustotal.com/gui/file/4ba6cd287d3c2ffb440f6aaef946a35bb1686a54644d7714c9f0990cca9794c5,,,Linux / ELF,,,2026-05-18 07:57:14,i586,170357,"elf, gafgyt",abuse_ch
19,Gafgyt,2026,076a26857a65cfa14436d14841f728c1,bd1eefe16eda59a64d475867585fe91839ff7cd0,1d435214fd76b8dbe26f1fc3159f69615b038c8a022733f4457f129e258e9db9,https://bazaar.abuse.ch/sample/1d435214fd76b8dbe26f1fc3159f69615b038c8a022733f4457f129e258e9db9/,Si,https://www.virustotal.com/gui/file/1d435214fd76b8dbe26f1fc3159f69615b038c8a022733f4457f129e258e9db9,,,Linux / ELF,,,2026-05-18 07:57:15,armv6l,229271,"elf, gafgyt",abuse_ch
20,Gafgyt,2026,003721faf979b6cb83aba4a0498d086c,a4a5ab777915cec1c3e0b9f25cc2364da0623683,db175e6e4de27d93bd2c49a61b41e92c9ec3e41e2c652d5fe5ebaf3031a9b839,https://bazaar.abuse.ch/sample/db175e6e4de27d93bd2c49a61b41e92c9ec3e41e2c652d5fe5ebaf3031a9b839/,Si,https://www.virustotal.com/gui/file/db175e6e4de27d93bd2c49a61b41e92c9ec3e41e2c652d5fe5ebaf3031a9b839,,,Linux / ELF,,,2026-05-18 07:57:16,x86_64,210703,"elf, gafgyt",abuse_ch
21,Gafgyt,2026,4934cdaa1f3afcd37aacb776db37b025,90f948578ecfb8af7b012a8dfced918576469244,a3b6a14830d4f3e13e1f6fd186de1abba66032d57968eb01160af6255a429155,https://bazaar.abuse.ch/sample/a3b6a14830d4f3e13e1f6fd186de1abba66032d57968eb01160af6255a429155/,Si,https://www.virustotal.com/gui/file/a3b6a14830d4f3e13e1f6fd186de1abba66032d57968eb01160af6255a429155,,,Linux / ELF,,,2026-05-20 00:08:28,wife.ppc,53732,"elf, gafgyt, UPX",abuse_ch
22,Gafgyt,2026,7cfdddcead7be72600ffb333fd2ae6fa,3ca7f4ea92be831e9604c94b8d608306f7e40273,50b7f0cd51d96ec93163b72445d8c78f6298aae574e762245e0b4a7163981f98,https://bazaar.abuse.ch/sample/50b7f0cd51d96ec93163b72445d8c78f6298aae574e762245e0b4a7163981f98/,Si,https://www.virustotal.com/gui/file/50b7f0cd51d96ec93163b72445d8c78f6298aae574e762245e0b4a7163981f98,,,Linux / ELF,,,2026-05-20 00:08:29,wife.i686,53064,"elf, gafgyt, UPX",abuse_ch
23,Gafgyt,2026,315a79aafaab2547380c1d3cac678be7,7759dbc96061aa06571e364f97a72acd5f002a8a,8fa147b56df34da1cd6295a45d6ed8d9bdd02b44bd4967cc144c4feb789504f1,https://bazaar.abuse.ch/sample/8fa147b56df34da1cd6295a45d6ed8d9bdd02b44bd4967cc144c4feb789504f1/,Si,https://www.virustotal.com/gui/file/8fa147b56df34da1cd6295a45d6ed8d9bdd02b44bd4967cc144c4feb789504f1,,,Linux / ELF,,,2026-05-20 00:08:30,wife.mpsl,61620,"elf, gafgyt, UPX",abuse_ch
24,Gafgyt,2026,5aadba8769989c6fdc71595bf288d0e2,60e57ac15eea5e474c7b545e54bd0cba9a19c3d9,335a0bf1ced7d264936850e34dd9702b756019536b59a77371b715d3ba4e573b,https://bazaar.abuse.ch/sample/335a0bf1ced7d264936850e34dd9702b756019536b59a77371b715d3ba4e573b/,Si,https://www.virustotal.com/gui/file/335a0bf1ced7d264936850e34dd9702b756019536b59a77371b715d3ba4e573b,,,Linux / ELF,,,2026-05-20 00:08:33,wife.arm4,147120,"elf, gafgyt",abuse_ch
25,Gafgyt,2026,0e26c14850bfb74ce86087f87598084d,76029719f4e161bae3e3f563511d699a1ec5726b,beba6c4dc8b39f60d0efe7a7ff2e3a618c9495feb98b744669aaca675467aa13,https://bazaar.abuse.ch/sample/beba6c4dc8b39f60d0efe7a7ff2e3a618c9495feb98b744669aaca675467aa13/,Si,https://www.virustotal.com/gui/file/beba6c4dc8b39f60d0efe7a7ff2e3a618c9495feb98b744669aaca675467aa13,,,Linux / ELF,,,2026-05-20 00:08:53,wife.ppc,151356,"elf, gafgyt, upx-dec",abuse_ch
26,Gafgyt,2026,cdb63597bb1f013bf03e597c5e11ab5b,9366e935bf4d1b44c5ddce09c9483d07e4f9d025,3fa4c190964bcab0255d3b452661c94299e9685431ebc43ddf775e14d6022132,https://bazaar.abuse.ch/sample/3fa4c190964bcab0255d3b452661c94299e9685431ebc43ddf775e14d6022132/,Si,https://www.virustotal.com/gui/file/3fa4c190964bcab0255d3b452661c94299e9685431ebc43ddf775e14d6022132,,,Linux / ELF,,,2026-05-20 00:08:55,wife.i686,126588,"elf, gafgyt, upx-dec",abuse_ch
27,Gafgyt,2026,4d912722a5208292ab16d32cfd84caf8,006a65876694e90fbf401f56740241a37a1cfd4b,bdb0ac2bbce4991643977769438e434e54edd5a1405d0cf3368a9fb37c80d2b2,https://bazaar.abuse.ch/sample/bdb0ac2bbce4991643977769438e434e54edd5a1405d0cf3368a9fb37c80d2b2/,Si,https://www.virustotal.com/gui/file/bdb0ac2bbce4991643977769438e434e54edd5a1405d0cf3368a9fb37c80d2b2,,,Linux / ELF,,,2026-05-20 00:08:57,wife.mpsl,212040,"elf, gafgyt, upx-dec",abuse_ch
28,Gafgyt,2026,f7d7cd8503bf90595dff940a54f118e7,78a2c37ff2702facea8554d8ff93686d2c537713,2d318335eb73d019766af06ec6eb4a2fc6738cb64ea97485d5f0b9198161305f,https://bazaar.abuse.ch/sample/2d318335eb73d019766af06ec6eb4a2fc6738cb64ea97485d5f0b9198161305f/,Si,https://www.virustotal.com/gui/file/2d318335eb73d019766af06ec6eb4a2fc6738cb64ea97485d5f0b9198161305f,,,Linux / ELF,,,2026-05-20 12:36:41,wife.i486,61452,"elf, gafgyt, UPX",abuse_ch
29,Gafgyt,2026,4c37213c45774bc413517898e27cf1dd,061964dc0a227c36f655ab4b1729d03d640a82d1,f5f10c1ce7447aa69ac6dd0a5037ed61e29fa9bd2712ad07d351f444393cdf66,https://bazaar.abuse.ch/sample/f5f10c1ce7447aa69ac6dd0a5037ed61e29fa9bd2712ad07d351f444393cdf66/,Si,https://www.virustotal.com/gui/file/f5f10c1ce7447aa69ac6dd0a5037ed61e29fa9bd2712ad07d351f444393cdf66,,,Linux / ELF,,,2026-05-20 12:52:04,wife.ppc,72340,"elf, gafgyt, UPX",abuse_ch
30,Gafgyt,2026,5291d431729dfaa335ec38348a32f14a,0dbaea1285f9ae3468b9df67db32a560069703fe,1cdf6cd2f7b1a884f0cf04638df8088c2a40aa9be3ec3c311b6832b93bc8bc6f,https://bazaar.abuse.ch/sample/1cdf6cd2f7b1a884f0cf04638df8088c2a40aa9be3ec3c311b6832b93bc8bc6f/,Si,https://www.virustotal.com/gui/file/1cdf6cd2f7b1a884f0cf04638df8088c2a40aa9be3ec3c311b6832b93bc8bc6f,,,Linux / ELF,,,2026-05-20 12:52:42,wife.ppc,200768,"elf, gafgyt, upx-dec",abuse_ch
31,Gafgyt,2026,a427ff689b09491cfb301f47ec05cfc3,33613854b72d4927b475f529770d61b1b7e326f4,a6c29cd6e74551546477f059f6f1ac971f296c0f4f82d81e7280487d1de925ec,https://bazaar.abuse.ch/sample/a6c29cd6e74551546477f059f6f1ac971f296c0f4f82d81e7280487d1de925ec/,Si,https://www.virustotal.com/gui/file/a6c29cd6e74551546477f059f6f1ac971f296c0f4f82d81e7280487d1de925ec,,,Linux / ELF,,,2026-05-20 12:55:31,wife.i686,71612,"elf, gafgyt, UPX",abuse_ch
32,Gafgyt,2026,c4caf0c61e9aff62699fa1256637d137,905ab6a89aca58e3fb85c21381ebc67d8ecd6958,cb292fc63e4f4d3b2ff9921dd4f608592273d81a89b37d48da5b12bbbd4b5e34,https://bazaar.abuse.ch/sample/cb292fc63e4f4d3b2ff9921dd4f608592273d81a89b37d48da5b12bbbd4b5e34/,Si,https://www.virustotal.com/gui/file/cb292fc63e4f4d3b2ff9921dd4f608592273d81a89b37d48da5b12bbbd4b5e34,,,Linux / ELF,,,2026-05-20 12:56:00,wife.i686,180000,"elf, gafgyt, upx-dec",abuse_ch
33,Gafgyt,2026,04f20d3d393926c99755fc6db2414d7b,76c463d87e13f7b5ec97224dc1acdbae165df7e1,69320c8a40d3988e63990f18dc26d400f301bf62f8d22459411a5d4f9a57721e,https://bazaar.abuse.ch/sample/69320c8a40d3988e63990f18dc26d400f301bf62f8d22459411a5d4f9a57721e/,Si,https://www.virustotal.com/gui/file/69320c8a40d3988e63990f18dc26d400f301bf62f8d22459411a5d4f9a57721e,,,Linux / ELF,,,2026-05-20 13:01:04,wife.sh4,181364,"elf, gafgyt",abuse_ch
34,Gafgyt,2026,fa3212a079d44037a780a8432ef2db1f,2f4af97cfcdb6ae88d8095605d04c856ddb72bf9,ffa171ae48bf6f3f2f776348abfbf667e7104f836384a85d65273ce17a323f74,https://bazaar.abuse.ch/sample/ffa171ae48bf6f3f2f776348abfbf667e7104f836384a85d65273ce17a323f74/,Si,https://www.virustotal.com/gui/file/ffa171ae48bf6f3f2f776348abfbf667e7104f836384a85d65273ce17a323f74,,,Linux / ELF,,,2026-05-20 13:08:31,wife.m68k,223840,"elf, gafgyt, mirai",abuse_ch
35,Gafgyt,2026,8e55c37eaab8a0224f7573583707c3c7,807cfe8d6a0847c48df1fe420961355869e74bec,701c10939f8a6ea704ed087cb65c5db596a9738d9a239a2eb54612bdaedd034f,https://bazaar.abuse.ch/sample/701c10939f8a6ea704ed087cb65c5db596a9738d9a239a2eb54612bdaedd034f/,Si,https://www.virustotal.com/gui/file/701c10939f8a6ea704ed087cb65c5db596a9738d9a239a2eb54612bdaedd034f,,,Linux / ELF,,,2026-05-20 13:39:37,wife.arm4,200664,"elf, gafgyt",abuse_ch
36,Gafgyt,2026,2ed21e72f5b56b8da08a8b585b48177d,0788ff56a3b35544832a6a800383fc5bb072b58a,f5c6a753f0c762b807be5a5960d8dde8eadbbaa7bd9ace17dfdafce96de0adbb,https://bazaar.abuse.ch/sample/f5c6a753f0c762b807be5a5960d8dde8eadbbaa7bd9ace17dfdafce96de0adbb/,Si,https://www.virustotal.com/gui/file/f5c6a753f0c762b807be5a5960d8dde8eadbbaa7bd9ace17dfdafce96de0adbb,,,Linux / ELF,,,2026-05-20 13:47:43,wife.mips,80168,"elf, gafgyt, UPX",abuse_ch
37,Gafgyt,2026,5e90093ec14ca032d2e570f302b90de9,c6b35fed3d2c8372c5a59a9c804df77c7bb3565f,0e33b4e2844625957f3ea2e5d884e8a24c60461893b225b5e5b8cbb9ae3b92c9,https://bazaar.abuse.ch/sample/0e33b4e2844625957f3ea2e5d884e8a24c60461893b225b5e5b8cbb9ae3b92c9/,Si,https://www.virustotal.com/gui/file/0e33b4e2844625957f3ea2e5d884e8a24c60461893b225b5e5b8cbb9ae3b92c9,,,Linux / ELF,,,2026-05-20 13:48:51,wife.mips,275600,"elf, gafgyt, upx-dec",abuse_ch
38,Gafgyt,2026,5539c2ed2aa342f6e0cd9b84bfb1eff2,1473d07641408504e067f5a7ba8126b0798b43f7,3973c4c532316ab4277387ed0ee9655ee2944fd7c3c1e2a4714571652aa06793,https://bazaar.abuse.ch/sample/3973c4c532316ab4277387ed0ee9655ee2944fd7c3c1e2a4714571652aa06793/,Si,https://www.virustotal.com/gui/file/3973c4c532316ab4277387ed0ee9655ee2944fd7c3c1e2a4714571652aa06793,,,Linux / ELF,,,2026-05-20 14:03:46,wife.mpsl,81892,"elf, gafgyt, UPX",abuse_ch
39,Gafgyt,2026,aa322fa714b3725a6a0481bd0f76eb4d,860b66dd1fa1ad2cd0455e38ca54bddf3a10e2b0,35c164b9200770851d2f611ea747c19c0685e60aa64c5d0cdfbace5f6f91ae36,https://bazaar.abuse.ch/sample/35c164b9200770851d2f611ea747c19c0685e60aa64c5d0cdfbace5f6f91ae36/,Si,https://www.virustotal.com/gui/file/35c164b9200770851d2f611ea747c19c0685e60aa64c5d0cdfbace5f6f91ae36,,,Linux / ELF,,,2026-05-20 14:04:31,wife.mpsl,278352,"elf, gafgyt, upx-dec",abuse_ch
40,Gafgyt,2026,9840faf35bc751523e83b66b35030489,7228505bc9b7a0fb2e595b83ba5ea9dfbe838ac4,f6bedc536070b9566caa48266a5e89db15dde879c277fce7c16e54f26916898e,https://bazaar.abuse.ch/sample/f6bedc536070b9566caa48266a5e89db15dde879c277fce7c16e54f26916898e/,Si,https://www.virustotal.com/gui/file/f6bedc536070b9566caa48266a5e89db15dde879c277fce7c16e54f26916898e,,,Linux / ELF,,,2026-05-20 14:05:43,wife.x86,70644,"elf, gafgyt, mirai, UPX",abuse_ch
41,Gafgyt,2026,a234ca70c56dbf337a3049be1573b47b,6e005a2e529a3cc61e02cb32e275decc11af2354,a71bc11286f4c3af7a72cd6063155c26c9a2666c8895a0961388d79cf5e8e9a0,https://bazaar.abuse.ch/sample/a71bc11286f4c3af7a72cd6063155c26c9a2666c8895a0961388d79cf5e8e9a0/,Si,https://www.virustotal.com/gui/file/a71bc11286f4c3af7a72cd6063155c26c9a2666c8895a0961388d79cf5e8e9a0,,,Linux / ELF,,,2026-05-20 16:22:36,prism.sparc,157989,"elf, gafgyt",abuse_ch
42,Gafgyt,2026,ecea029b738ae3f5f1b23e5af2412134,54efc56dba2225702bf2ddfde917faa66c604491,0460cba0012fdfe7e21834e6d5090128eb2da13b0f31fa848553b9dd07475039,https://bazaar.abuse.ch/sample/0460cba0012fdfe7e21834e6d5090128eb2da13b0f31fa848553b9dd07475039/,Si,https://www.virustotal.com/gui/file/0460cba0012fdfe7e21834e6d5090128eb2da13b0f31fa848553b9dd07475039,,,Linux / ELF,,,2026-05-20 16:22:37,prism.i586,123364,"elf, gafgyt",abuse_ch
43,Gafgyt,2026,b0aa09eb73ef55b1d76a6cc7ea5869ec,5491393f76165e253884b71ce6e19c9b921a6130,d9b3a155160d2cd5b26320fc5df5a02bbc61022cb211c8f5194defbc04231c83,https://bazaar.abuse.ch/sample/d9b3a155160d2cd5b26320fc5df5a02bbc61022cb211c8f5194defbc04231c83/,Si,https://www.virustotal.com/gui/file/d9b3a155160d2cd5b26320fc5df5a02bbc61022cb211c8f5194defbc04231c83,,,Linux / ELF,,,2026-05-20 16:22:38,prism.i686,127460,"elf, gafgyt",abuse_ch
44,Gafgyt,2026,79458b7bebeb75a51442a6819e33031b,766fd2049c04a4d33de7b51473038195cd4135c3,65bd5afe34239bdad72455432ed1e6ad8c13c3a46205620a5705a7592a24bf5b,https://bazaar.abuse.ch/sample/65bd5afe34239bdad72455432ed1e6ad8c13c3a46205620a5705a7592a24bf5b/,Si,https://www.virustotal.com/gui/file/65bd5afe34239bdad72455432ed1e6ad8c13c3a46205620a5705a7592a24bf5b,,,Linux / ELF,,,2026-05-20 16:22:39,prism.arm4,156077,"elf, gafgyt",abuse_ch
45,Gafgyt,2026,1c02b39026190a5a455f2b450269a6d1,c42f27db8ffa3acf52486c5446f2b364f9cb66d3,1a41b65822ea8b59feb4467edf5dafea2f282742837055bc7ecc86aed6bf4afc,https://bazaar.abuse.ch/sample/1a41b65822ea8b59feb4467edf5dafea2f282742837055bc7ecc86aed6bf4afc/,Si,https://www.virustotal.com/gui/file/1a41b65822ea8b59feb4467edf5dafea2f282742837055bc7ecc86aed6bf4afc,,,Linux / ELF,,,2026-05-20 16:22:40,prism.arm7,209606,"elf, gafgyt",abuse_ch
46,Gafgyt,2026,37cd5aa2205f8a094188b1fad96ad96c,90e65a1ae85cbe8f9f3d312577054e68a45e9b25,bb32671d13e234b23bbdd342c6e4d731ab80cb1c8c65af4c17a165c0d56112db,https://bazaar.abuse.ch/sample/bb32671d13e234b23bbdd342c6e4d731ab80cb1c8c65af4c17a165c0d56112db/,Si,https://www.virustotal.com/gui/file/bb32671d13e234b23bbdd342c6e4d731ab80cb1c8c65af4c17a165c0d56112db,,,Linux / ELF,,,2026-05-20 16:22:42,prism.arm6,170949,"elf, gafgyt",abuse_ch
47,Gafgyt,2026,c23641e13196f46d348b84d137ed586a,a9065adf50f44113493b91b455d69f6b04f27805,e0423ff393951e6f96090404756502fd8356d8d25d82032425d93364bedc1d57,https://bazaar.abuse.ch/sample/e0423ff393951e6f96090404756502fd8356d8d25d82032425d93364bedc1d57/,Si,https://www.virustotal.com/gui/file/e0423ff393951e6f96090404756502fd8356d8d25d82032425d93364bedc1d57,,,Linux / ELF,,,2026-05-20 16:22:44,prism.m68k,140740,"elf, gafgyt",abuse_ch
48,Gafgyt,2026,60d2c104dfa7c8c5cc197d5adc3bd5f2,f263722ec4403979d0ee33d8cdf80122147851f9,6f606a5541ec1bb78d4c8e9a4b4a4e126d6ecad91137467437af272a4236d889,https://bazaar.abuse.ch/sample/6f606a5541ec1bb78d4c8e9a4b4a4e126d6ecad91137467437af272a4236d889/,Si,https://www.virustotal.com/gui/file/6f606a5541ec1bb78d4c8e9a4b4a4e126d6ecad91137467437af272a4236d889,,,Linux / ELF,,,2026-05-20 16:22:45,prism.ppc,141485,"elf, gafgyt, mirai",abuse_ch
49,Gafgyt,2026,37636f823c7ba858754304a1b0af6345,87ecbadb4b1832badadb8f32a75e88b36120da14,77c0fe0d14410f969f33b42d130844b9b23a3c16004e94d052ac5e7a77598cbb,https://bazaar.abuse.ch/sample/77c0fe0d14410f969f33b42d130844b9b23a3c16004e94d052ac5e7a77598cbb/,Si,https://www.virustotal.com/gui/file/77c0fe0d14410f969f33b42d130844b9b23a3c16004e94d052ac5e7a77598cbb,,,Linux / ELF,,,2026-05-20 16:22:46,prism.sh4,140225,"elf, gafgyt",abuse_ch
50,Gafgyt,2026,f9d36cd74fa64a64679bcd3f4db14cf9,4810a7d018d9677b134b78231e58565e7ad17b33,faf7bbccf1e4e650d45006a89ab9e99810c75ca7b3e76c1f08186208a57e543b,https://bazaar.abuse.ch/sample/faf7bbccf1e4e650d45006a89ab9e99810c75ca7b3e76c1f08186208a57e543b/,Si,https://www.virustotal.com/gui/file/faf7bbccf1e4e650d45006a89ab9e99810c75ca7b3e76c1f08186208a57e543b,,,Linux / ELF,,,2026-05-20 16:22:47,prism.arm5,149019,"elf, gafgyt",abuse_ch
51,Gafgyt,2026,d942025a12b89a95e251dd7b8f64fc50,0ca7864948cb42aeff5635b60916cba1e34a63c4,649cbe28a12a941ec972eaeff13050ad494ab75abdd5cd8a9ed7c108bdd90e44,https://bazaar.abuse.ch/sample/649cbe28a12a941ec972eaeff13050ad494ab75abdd5cd8a9ed7c108bdd90e44/,Si,https://www.virustotal.com/gui/file/649cbe28a12a941ec972eaeff13050ad494ab75abdd5cd8a9ed7c108bdd90e44,,,Linux / ELF,,,2026-05-20 16:22:49,prism.mpsl,188384,"elf, gafgyt",abuse_ch
52,Gafgyt,2026,2d4d31e930947461bc36911e96b12d59,032fbc8a74f4294afb6b46c90bf05786c399a5da,36f606fb1f71f009d4ea858dd7ff7b22231cde0f40c38120e03130fda78b7a13,https://bazaar.abuse.ch/sample/36f606fb1f71f009d4ea858dd7ff7b22231cde0f40c38120e03130fda78b7a13/,Si,https://www.virustotal.com/gui/file/36f606fb1f71f009d4ea858dd7ff7b22231cde0f40c38120e03130fda78b7a13,,,Linux / ELF,,,2026-05-20 16:22:50,prism.x86,144121,"elf, gafgyt",abuse_ch
53,Gafgyt,2026,6fb216224aa2b204ef7b08f757867e93,f3f7ebcfb02249e83ca38e99407fa4f3c151cc14,2a2a82d35f97b2b7bb47c329e67e34d8e960a40a0101f6df510012ef80fde299,https://bazaar.abuse.ch/sample/2a2a82d35f97b2b7bb47c329e67e34d8e960a40a0101f6df510012ef80fde299/,Si,https://www.virustotal.com/gui/file/2a2a82d35f97b2b7bb47c329e67e34d8e960a40a0101f6df510012ef80fde299,,,Linux / ELF,,,2026-05-20 16:22:51,prism.mips,188384,"elf, gafgyt",abuse_ch
54,Gafgyt,2026,b64ba6cd9c41a922592f5d2b34ebe8b9,928aaeef5ffae9500465ee04900c8373c9d5ff8f,6ec3194c794943ea35ca0adfc2f8509465a4f7fe81adb9a211d824ce30fd4873,https://bazaar.abuse.ch/sample/6ec3194c794943ea35ca0adfc2f8509465a4f7fe81adb9a211d824ce30fd4873/,Si,https://www.virustotal.com/gui/file/6ec3194c794943ea35ca0adfc2f8509465a4f7fe81adb9a211d824ce30fd4873,,,Linux / ELF,,,2026-05-23 06:13:50,a-r.m-7.Sakura,1059440,"elf, gafgyt, mirai",abuse_ch
55,Gafgyt,2026,e92502aeaf993106ca8ba0b819470574,edb8fe9b9ba887b8f9363a56db2e1ca27c11e536,a58080863e501b1e93337d702fdeb425c91ab23a081b59deb87b03aab784002a,https://bazaar.abuse.ch/sample/a58080863e501b1e93337d702fdeb425c91ab23a081b59deb87b03aab784002a/,Si,https://www.virustotal.com/gui/file/a58080863e501b1e93337d702fdeb425c91ab23a081b59deb87b03aab784002a,,,Linux / ELF,,,2026-05-23 18:14:53,a58080863e501b1e93337d702fdeb425c91ab23a081b59deb87b03aab784002a,125008,"elf, gafgyt, wraith",c2hunter
56,Gafgyt,2026,962e64843b77a73589ae30f865fb0f60,6bc57d9173368c33ad1079571613ccb1668bb183,1c08cfd3e7af0d11f17753613fc47ce8bcfd90c938b75af5adb079fdfbf0ee8e,https://bazaar.abuse.ch/sample/1c08cfd3e7af0d11f17753613fc47ce8bcfd90c938b75af5adb079fdfbf0ee8e/,Si,https://www.virustotal.com/gui/file/1c08cfd3e7af0d11f17753613fc47ce8bcfd90c938b75af5adb079fdfbf0ee8e,,,Linux / ELF,,,2026-05-23 18:14:55,1c08cfd3e7af0d11f17753613fc47ce8bcfd90c938b75af5adb079fdfbf0ee8e,129898,"elf, gafgyt, wraith",c2hunter
57,Gafgyt,2026,382fc58d7d25b4c17b9a5e5f55d4e31d,54f0cbeba55f4452f0295fc3c1a2c0b380d5a6af,e17c03e1c70e0c0bcff7ccc9b89494b8049b1f3a97004ede477a8d92c85df11b,https://bazaar.abuse.ch/sample/e17c03e1c70e0c0bcff7ccc9b89494b8049b1f3a97004ede477a8d92c85df11b/,Si,https://www.virustotal.com/gui/file/e17c03e1c70e0c0bcff7ccc9b89494b8049b1f3a97004ede477a8d92c85df11b,,,Linux / ELF,,,2026-05-24 18:19:33,wife.arm4,53372,UPX,BlinkzSec
58,Gafgyt,2026,4307f37d166695d7e686b9eaef64affa,47fb0b96bf9ee735974630b7150744baff999ef1,276845a1b358aa857da704ea111dc8a6eb6758b66d89e5e17fc2a849fc5db514,https://bazaar.abuse.ch/sample/276845a1b358aa857da704ea111dc8a6eb6758b66d89e5e17fc2a849fc5db514/,Si,https://www.virustotal.com/gui/file/276845a1b358aa857da704ea111dc8a6eb6758b66d89e5e17fc2a849fc5db514,,,Linux / ELF,,,2026-05-24 18:19:36,wife.i686,52748,UPX,BlinkzSec
59,Gafgyt,2026,05f83cb0faa3de0a4e3be450631504e5,f738c82f636c9934d17c44fd8b64b5d2d3755f83,96c118945fae3dffea527164f97c6884cb5843a64f325944c6f4578a489342be,https://bazaar.abuse.ch/sample/96c118945fae3dffea527164f97c6884cb5843a64f325944c6f4578a489342be/,Si,https://www.virustotal.com/gui/file/96c118945fae3dffea527164f97c6884cb5843a64f325944c6f4578a489342be,,,Linux / ELF,,,2026-05-24 18:19:41,wife.sh4,130800,gafgyt,BlinkzSec
60,Gafgyt,2026,f1a1243edf25081bcfcf42083adfe138,e4ec80bed96049b0526bdc2e9162acc7591180b8,b9a04e40e7769ad16e9aacad682bc471129dee8809b6cdef7351839feec3c688,https://bazaar.abuse.ch/sample/b9a04e40e7769ad16e9aacad682bc471129dee8809b6cdef7351839feec3c688/,Si,https://www.virustotal.com/gui/file/b9a04e40e7769ad16e9aacad682bc471129dee8809b6cdef7351839feec3c688,,,Linux / ELF,,,2026-05-24 18:20:42,wife.arm4,147120,"elf, gafgyt, upx-dec",abuse_ch
61,Gafgyt,2026,e56ab25342799fca77dc66e255d95304,72afef546f46bdc9091d6fd304d17f04494eb7cd,a95b7e5a70055dcff2dcbb80aafde4b0a5389a922153d9e264b3d7cc9cf95da8,https://bazaar.abuse.ch/sample/a95b7e5a70055dcff2dcbb80aafde4b0a5389a922153d9e264b3d7cc9cf95da8/,Si,https://www.virustotal.com/gui/file/a95b7e5a70055dcff2dcbb80aafde4b0a5389a922153d9e264b3d7cc9cf95da8,,,Linux / ELF,,,2026-05-24 18:21:02,wife.i686,126492,"elf, gafgyt, upx-dec",abuse_ch
62,Gafgyt,2026,730c3dc0e502e155ea7dcf5b8084672c,15a1ad241aab5a4308371a39ac9d0c1349bf7ae7,563c018d562d5c73afb19b404dcd5d3e9289365491ad1b12658674cdc377fc14,https://bazaar.abuse.ch/sample/563c018d562d5c73afb19b404dcd5d3e9289365491ad1b12658674cdc377fc14/,Si,https://www.virustotal.com/gui/file/563c018d562d5c73afb19b404dcd5d3e9289365491ad1b12658674cdc377fc14,,,Linux / ELF,,,2026-05-24 18:21:14,wife.ppc,151356,"elf, gafgyt, upx-dec",abuse_ch
63,Gafgyt,2026,aca0abc165a30ca131174e4f43c4022e,ec7a51a7f4dddfeee4eff3ed87f51df4f9760457,d4ef24557fe9ecf81c1c8ca369ac5808b2e5a1405466ab1141ee1a38f449a229,https://bazaar.abuse.ch/sample/d4ef24557fe9ecf81c1c8ca369ac5808b2e5a1405466ab1141ee1a38f449a229/,Si,https://www.virustotal.com/gui/file/d4ef24557fe9ecf81c1c8ca369ac5808b2e5a1405466ab1141ee1a38f449a229,,,Linux / ELF,,,2026-05-24 18:21:30,wife.mpsl,211560,"elf, gafgyt, mirai, upx-dec",abuse_ch
64,Gafgyt,2026,3fc2f80273e680286a79c6ef4ccbb20a,73355aff5caefd9f50a489c41a289b2b99d92f27,7e520534922ce97a7db8740c221d3b16b3545bb86a24bba936684d4db22d28e0,https://bazaar.abuse.ch/sample/7e520534922ce97a7db8740c221d3b16b3545bb86a24bba936684d4db22d28e0/,Si,https://www.virustotal.com/gui/file/7e520534922ce97a7db8740c221d3b16b3545bb86a24bba936684d4db22d28e0,,,Linux / ELF,,,2026-05-26 02:49:42,FBI.sh4,92160,"elf, gafgyt, mirai",abuse_ch
65,Gafgyt,2026,41630c73987ea19985fd67f14821bc55,ddbfbd799bcd04a09c199e7f25312e329b68f76c,97f2be2f95ba20aa43081b901218abe5c94b75b0fb789537dbef7e015ce74de8,https://bazaar.abuse.ch/sample/97f2be2f95ba20aa43081b901218abe5c94b75b0fb789537dbef7e015ce74de8/,Si,https://www.virustotal.com/gui/file/97f2be2f95ba20aa43081b901218abe5c94b75b0fb789537dbef7e015ce74de8,,,Linux / ELF,,,2026-05-26 02:51:44,FBI.mipsel,150112,"elf, gafgyt",abuse_ch
66,Gafgyt,2026,cea537e7d8ede386b0f9514903998537,95fa4dee5d7954d68e6f64275547b56861274945,7766c414a9bb72ece62ae26fd2af531c6f02032fba786ded349361020dcecf59,https://bazaar.abuse.ch/sample/7766c414a9bb72ece62ae26fd2af531c6f02032fba786ded349361020dcecf59/,Si,https://www.virustotal.com/gui/file/7766c414a9bb72ece62ae26fd2af531c6f02032fba786ded349361020dcecf59,,,Linux / ELF,,,2026-05-26 02:51:46,FBI.mips,148064,"elf, gafgyt",abuse_ch
67,Gafgyt,2026,3d0486a46ac96fc393f7cf3e0081222f,104b046f6918ef4ffbf4287640806e61cb09f6d8,37213df6ffed3fae7896c9008dd1c28ec9ea37e123293e0d4fef025c09086f67,https://bazaar.abuse.ch/sample/37213df6ffed3fae7896c9008dd1c28ec9ea37e123293e0d4fef025c09086f67/,Si,https://www.virustotal.com/gui/file/37213df6ffed3fae7896c9008dd1c28ec9ea37e123293e0d4fef025c09086f67,,,Linux / ELF,,,2026-05-26 02:51:48,FBI.arm,107720,"elf, gafgyt",abuse_ch
68,Gafgyt,2026,87d96c1673f8b6316649a56708a9f297,8f64802149e83e12ff44bce09bcdd4253f3a2127,9319d7e9c34bfb654694d662d26049bfe4f08f21ad310d7a6a3ad780e5664090,https://bazaar.abuse.ch/sample/9319d7e9c34bfb654694d662d26049bfe4f08f21ad310d7a6a3ad780e5664090/,Si,https://www.virustotal.com/gui/file/9319d7e9c34bfb654694d662d26049bfe4f08f21ad310d7a6a3ad780e5664090,,,Linux / ELF,,,2026-05-26 02:51:49,FBI.m68k,114596,"elf, gafgyt, mirai",abuse_ch
69,Gafgyt,2026,87516a592f298e3b9a8ef747630c746e,a2ec3bf1b7076331bf2b05672f7fb9bcb4bf46b1,59bebfb7e2c968216b8f81e7633f5d0cb24256707d1744a90a3cc06af636c1a8,https://bazaar.abuse.ch/sample/59bebfb7e2c968216b8f81e7633f5d0cb24256707d1744a90a3cc06af636c1a8/,Si,https://www.virustotal.com/gui/file/59bebfb7e2c968216b8f81e7633f5d0cb24256707d1744a90a3cc06af636c1a8,,,Linux / ELF,,,2026-05-26 02:51:50,FBI.i686,91212,"elf, gafgyt",abuse_ch
70,Gafgyt,2026,183ee0887bb1a8caa54ae47344c24e41,a285175eedbac0b145caf3e1f211063cbcc10014,481523616cea98d994f74265c09efa2aec5a69ecc679ecf7f9555a46b54aaa2b,https://bazaar.abuse.ch/sample/481523616cea98d994f74265c09efa2aec5a69ecc679ecf7f9555a46b54aaa2b/,Si,https://www.virustotal.com/gui/file/481523616cea98d994f74265c09efa2aec5a69ecc679ecf7f9555a46b54aaa2b,,,Linux / ELF,,,2026-05-26 02:51:51,FBI.x86_64,100216,"elf, gafgyt",abuse_ch
71,Gafgyt,2026,966ac85ec7edc973b223bac9b8166ed6,694f7a318461779b65deab823b57d3299cd1117d,d002a139db788676ac663843eb1a89b8e8f7f2fa37afb8dd9416ddbccd81e57b,https://bazaar.abuse.ch/sample/d002a139db788676ac663843eb1a89b8e8f7f2fa37afb8dd9416ddbccd81e57b/,Si,https://www.virustotal.com/gui/file/d002a139db788676ac663843eb1a89b8e8f7f2fa37afb8dd9416ddbccd81e57b,,,Linux / ELF,,,2026-05-26 02:51:54,FBI.arm6,116124,"elf, gafgyt",abuse_ch
72,Gafgyt,2026,83d3fe5cd55b3214dcd56f57c4e8e103,8363d3fbf7282bf6e27ada1899716da951dabb99,e315dcde7eafda86084fd24beb16cdabd3af1f2ed8edcb9f18495ffd84e002b1,https://bazaar.abuse.ch/sample/e315dcde7eafda86084fd24beb16cdabd3af1f2ed8edcb9f18495ffd84e002b1/,Si,https://www.virustotal.com/gui/file/e315dcde7eafda86084fd24beb16cdabd3af1f2ed8edcb9f18495ffd84e002b1,,,Linux / ELF,,,2026-05-26 02:51:55,FBI.ppc,107848,"elf, gafgyt",abuse_ch
73,Gafgyt,2026,72a9e5dacdb7927c03ee5fa6a0920896,2a67d3e202db4c88fb869d69c09984b36317bc9a,745401979abe0927afb529af9c37c86cc2b357a717685ab962f19ecc4e815c58,https://bazaar.abuse.ch/sample/745401979abe0927afb529af9c37c86cc2b357a717685ab962f19ecc4e815c58/,Si,https://www.virustotal.com/gui/file/745401979abe0927afb529af9c37c86cc2b357a717685ab962f19ecc4e815c58,,,Linux / ELF,,,2026-05-26 02:51:56,FBI.arm5,104272,"elf, gafgyt",abuse_ch
74,Gafgyt,2026,0860f96449ab8b39f5f9f01d8246901d,b0337c2bddad3bf009406739cd19f47d3b24baad,a81b4478f1d7d49a83d9e38dabc32b5e761a690215cf6e3019c388615c26e22b,https://bazaar.abuse.ch/sample/a81b4478f1d7d49a83d9e38dabc32b5e761a690215cf6e3019c388615c26e22b/,Si,https://www.virustotal.com/gui/file/a81b4478f1d7d49a83d9e38dabc32b5e761a690215cf6e3019c388615c26e22b,,,Linux / ELF,,,2026-05-26 02:51:58,FBI.arm7,129968,"elf, gafgyt",abuse_ch
75,Gafgyt,2026,9b01a92526cdff2484fae85ee3cbc368,0a8a53c37448bc3ecdb9117b5b713b71efe6609b,4709e4a110cde3d3a41ab7fe26c4156ca0b0bde338cf66e928f5d3571e27bf7a,https://bazaar.abuse.ch/sample/4709e4a110cde3d3a41ab7fe26c4156ca0b0bde338cf66e928f5d3571e27bf7a/,Si,https://www.virustotal.com/gui/file/4709e4a110cde3d3a41ab7fe26c4156ca0b0bde338cf66e928f5d3571e27bf7a,,,Linux / ELF,,,2026-05-26 14:21:54,wife.i686,61808,"elf, gafgyt, UPX",abuse_ch
76,Gafgyt,2026,52af14473b9fcad2d140d9b365bc1a3c,d400aa265ef27364d15c4429840c58ee4117c3f7,c348afc647f8b4b46885fb04a34efb1df58365d1ab8fd50d0b8ff1b742188ae7,https://bazaar.abuse.ch/sample/c348afc647f8b4b46885fb04a34efb1df58365d1ab8fd50d0b8ff1b742188ae7/,Si,https://www.virustotal.com/gui/file/c348afc647f8b4b46885fb04a34efb1df58365d1ab8fd50d0b8ff1b742188ae7,,,Linux / ELF,,,2026-05-26 19:47:32,FBI.sparc,112292,gafgyt,BlinkzSec
77,Gafgyt,2026,c4f943a17a6942e866387af863459733,17c38b8e86851452e02d4e43f3736e5e8b89ab81,98d6278d24cb86e4b141aee1551b13fcfcea1321545837518d64241c2f5aa8f1,https://bazaar.abuse.ch/sample/98d6278d24cb86e4b141aee1551b13fcfcea1321545837518d64241c2f5aa8f1/,Si,https://www.virustotal.com/gui/file/98d6278d24cb86e4b141aee1551b13fcfcea1321545837518d64241c2f5aa8f1,,,Linux / ELF,,,2026-05-27 06:24:43,wife.sh4,130780,"elf, gafgyt",abuse_ch
78,Gafgyt,2026,1786c39fedaa06a7868a7d10b5957b06,30db4f5315fb6ea23b90d3f16b6bbbe4ece54122,9314ebc0a472490f8f5323d86ce92b78bc1486a4c48b26a9f24f2210a93da4f6,https://bazaar.abuse.ch/sample/9314ebc0a472490f8f5323d86ce92b78bc1486a4c48b26a9f24f2210a93da4f6/,Si,https://www.virustotal.com/gui/file/9314ebc0a472490f8f5323d86ce92b78bc1486a4c48b26a9f24f2210a93da4f6,,,Linux / ELF,,,2026-05-27 06:24:44,wife.ppc,147240,"elf, gafgyt",abuse_ch
79,Gafgyt,2026,d8324bd7a187101a82f28e7ee9020222,5288d8394f3949db9a864903bd7cd9e14b54b589,f47ff6f8a84107e83bda9c0a5bc0b966b14429af56816ea3919bd559c6c96d17,https://bazaar.abuse.ch/sample/f47ff6f8a84107e83bda9c0a5bc0b966b14429af56816ea3919bd559c6c96d17/,Si,https://www.virustotal.com/gui/file/f47ff6f8a84107e83bda9c0a5bc0b966b14429af56816ea3919bd559c6c96d17,,,Linux / ELF,,,2026-05-27 06:24:45,wife.ppc440,147240,"elf, gafgyt",abuse_ch
80,Gafgyt,2026,e6a3c52b7cca752066cc771bee206dba,8e2874a8ecb5c961ab8a7472b4f73826c424d2d7,0004b57f7671cb3dbc993e632279e883d138ea72a271b3ab84637c918e391023,https://bazaar.abuse.ch/sample/0004b57f7671cb3dbc993e632279e883d138ea72a271b3ab84637c918e391023/,Si,https://www.virustotal.com/gui/file/0004b57f7671cb3dbc993e632279e883d138ea72a271b3ab84637c918e391023,,,Linux / ELF,,,2026-05-28 13:09:24,0004b57f7671cb3dbc993e632279e883d138ea72a271b3ab84637c918e391023.elf,68252,"botnet, elf, gafgyt, mirai",kpatsak
81,Gafgyt,2026,f22c57139ea66113a0136d78c66f85fd,b90cc777061a030ac647b9da8ba2a18476cdee26,0007f81bf3f0829f7bce9c16f1871c290a1ea6401c21e0f7c2763d830652cbeb,https://bazaar.abuse.ch/sample/0007f81bf3f0829f7bce9c16f1871c290a1ea6401c21e0f7c2763d830652cbeb/,Si,https://www.virustotal.com/gui/file/0007f81bf3f0829f7bce9c16f1871c290a1ea6401c21e0f7c2763d830652cbeb,,,Linux / ELF,,,2026-05-28 13:13:21,0007f81bf3f0829f7bce9c16f1871c290a1ea6401c21e0f7c2763d830652cbeb.elf,95914,"botnet, elf, gafgyt, mirai",kpatsak
82,Gafgyt,2026,d49d8531f279252620a56d3eacc532db,501bdcf3f4fefee649d308e42eae778af356700b,0008f8b55a790ef597926a7da4b65a30b9f4c3f347eedff9ab2ffbccb9f67b20,https://bazaar.abuse.ch/sample/0008f8b55a790ef597926a7da4b65a30b9f4c3f347eedff9ab2ffbccb9f67b20/,Si,https://www.virustotal.com/gui/file/0008f8b55a790ef597926a7da4b65a30b9f4c3f347eedff9ab2ffbccb9f67b20,,,Linux / ELF,,,2026-05-28 13:13:34,0008f8b55a790ef597926a7da4b65a30b9f4c3f347eedff9ab2ffbccb9f67b20.elf,149654,"botnet, elf, gafgyt, mirai",kpatsak
83,Gafgyt,2026,5ff2e58e55605674f71d5a533bbccc12,47eb4404c8a6b9bd79b752c1d0d0812f66f86c76,000a43a528055f8eb373bc1d26dcf0a417d33fcdc5b4cd9326b8e057bba6a785,https://bazaar.abuse.ch/sample/000a43a528055f8eb373bc1d26dcf0a417d33fcdc5b4cd9326b8e057bba6a785/,Si,https://www.virustotal.com/gui/file/000a43a528055f8eb373bc1d26dcf0a417d33fcdc5b4cd9326b8e057bba6a785,,,Linux / ELF,,,2026-05-28 13:13:41,000a43a528055f8eb373bc1d26dcf0a417d33fcdc5b4cd9326b8e057bba6a785.elf,155428,"botnet, elf, gafgyt, mirai",kpatsak
84,Gafgyt,2026,c4c8301f3f0a185199f31cdfdc134634,d2bdd9241a0360ee443c159d0ae243f46c1d99e9,0015efb82aba39f40a2c6d7dec0d03738176c605fdd0a89bbf8f1324e6ccc4b7,https://bazaar.abuse.ch/sample/0015efb82aba39f40a2c6d7dec0d03738176c605fdd0a89bbf8f1324e6ccc4b7/,Si,https://www.virustotal.com/gui/file/0015efb82aba39f40a2c6d7dec0d03738176c605fdd0a89bbf8f1324e6ccc4b7,,,Linux / ELF,,,2026-05-28 13:14:47,0015efb82aba39f40a2c6d7dec0d03738176c605fdd0a89bbf8f1324e6ccc4b7.elf,131673,"botnet, elf, gafgyt, mirai",kpatsak
85,Gafgyt,2026,ac7eb9f36ff1bbc8d449b2abcd4a180c,a47a80014c45e90de14393b2a3d80ff7cc761ef6,0018c8962adb4e9f85982b374574befe0bac5db5cd0862b372fb4d872a1d338e,https://bazaar.abuse.ch/sample/0018c8962adb4e9f85982b374574befe0bac5db5cd0862b372fb4d872a1d338e/,Si,https://www.virustotal.com/gui/file/0018c8962adb4e9f85982b374574befe0bac5db5cd0862b372fb4d872a1d338e,,,Linux / ELF,,,2026-05-28 13:15:00,0018c8962adb4e9f85982b374574befe0bac5db5cd0862b372fb4d872a1d338e.elf,111512,"botnet, elf, gafgyt, mirai",kpatsak
86,Gafgyt,2026,0fe1161acdf9c530dbf74e83f164f877,52783c0e12c15e490472fa895dbc1d4b95800ecf,0022d01fd0f0ec2f8dcb0cb2c13830018a17d9e4df155e436ab24e8230e5631c,https://bazaar.abuse.ch/sample/0022d01fd0f0ec2f8dcb0cb2c13830018a17d9e4df155e436ab24e8230e5631c/,Si,https://www.virustotal.com/gui/file/0022d01fd0f0ec2f8dcb0cb2c13830018a17d9e4df155e436ab24e8230e5631c,,,Linux / ELF,,,2026-05-28 13:15:46,0022d01fd0f0ec2f8dcb0cb2c13830018a17d9e4df155e436ab24e8230e5631c.elf,211785,"botnet, elf, gafgyt, mirai",kpatsak
87,Gafgyt,2026,ecd5080b37ee8ed508248aeb382f1490,5f9fa8c558aff77fc6f6f5535d1bf3a5d74c326b,0024c4398c0f028147f0372ae7cb87158ce8a478640dad4dddbaf698fb325a46,https://bazaar.abuse.ch/sample/0024c4398c0f028147f0372ae7cb87158ce8a478640dad4dddbaf698fb325a46/,Si,https://www.virustotal.com/gui/file/0024c4398c0f028147f0372ae7cb87158ce8a478640dad4dddbaf698fb325a46,,,Linux / ELF,,,2026-05-28 13:16:13,0024c4398c0f028147f0372ae7cb87158ce8a478640dad4dddbaf698fb325a46.elf,183150,"botnet, elf, gafgyt, mirai",kpatsak
88,Gafgyt,2026,30d926ad448981e3dd2ca40c29b0a46e,7a8637024fdf1fae27a2837865b843fb691dd8f8,002d94ffbf0671426860b10668f782e09869bf7e89061cbc414f669448e3b284,https://bazaar.abuse.ch/sample/002d94ffbf0671426860b10668f782e09869bf7e89061cbc414f669448e3b284/,Si,https://www.virustotal.com/gui/file/002d94ffbf0671426860b10668f782e09869bf7e89061cbc414f669448e3b284,,,Linux / ELF,,,2026-05-28 13:16:54,002d94ffbf0671426860b10668f782e09869bf7e89061cbc414f669448e3b284.elf,112299,"botnet, elf, gafgyt, mirai",kpatsak
89,Gafgyt,2026,9c909f68a4d6047f58fd4a900fa960fe,7d88b60d1e89842b59b80d19083e5d0cfda24c45,00339f44fd80f379d41c33c968c2cb0a5984d33888bc2ff5436e81b28f180598,https://bazaar.abuse.ch/sample/00339f44fd80f379d41c33c968c2cb0a5984d33888bc2ff5436e81b28f180598/,Si,https://www.virustotal.com/gui/file/00339f44fd80f379d41c33c968c2cb0a5984d33888bc2ff5436e81b28f180598,,,Linux / ELF,,,2026-05-28 13:17:40,00339f44fd80f379d41c33c968c2cb0a5984d33888bc2ff5436e81b28f180598.elf,113279,"botnet, elf, gafgyt, mirai",kpatsak
90,Gafgyt,2026,24327c58e1c5f0465fef1ce3409812e4,23c0f34010985b26626ca297ba991ffad9bd66ae,003af394126e6bb1b7fed7182a0a13d1ab81a5d23c56b9a3ead97090be8bfecd,https://bazaar.abuse.ch/sample/003af394126e6bb1b7fed7182a0a13d1ab81a5d23c56b9a3ead97090be8bfecd/,Si,https://www.virustotal.com/gui/file/003af394126e6bb1b7fed7182a0a13d1ab81a5d23c56b9a3ead97090be8bfecd,,,Linux / ELF,,,2026-05-28 13:18:12,003af394126e6bb1b7fed7182a0a13d1ab81a5d23c56b9a3ead97090be8bfecd.elf,111512,"botnet, elf, gafgyt, mirai",kpatsak
91,Gafgyt,2026,30a47d9504cb0700eba1394830bf21cd,d55dc67619c186b829937d63c0a46abdc4b5820d,003afbf4ba311870e63f8e091013ef0636077824e98070c1a5bcf2d422fd852e,https://bazaar.abuse.ch/sample/003afbf4ba311870e63f8e091013ef0636077824e98070c1a5bcf2d422fd852e/,Si,https://www.virustotal.com/gui/file/003afbf4ba311870e63f8e091013ef0636077824e98070c1a5bcf2d422fd852e,,,Linux / ELF,,,2026-05-28 13:18:19,003afbf4ba311870e63f8e091013ef0636077824e98070c1a5bcf2d422fd852e.elf,95107,"botnet, elf, gafgyt, mirai",kpatsak
92,Gafgyt,2026,6a81ec2a4509b2a5f8db6ee5d9a7c935,be17ecf27426c8854d6f09541c6959b5e1a9170d,003b15d63aff5224a2186fd5f23dd308d5a472953245199fddd93d4c8fbb23a6,https://bazaar.abuse.ch/sample/003b15d63aff5224a2186fd5f23dd308d5a472953245199fddd93d4c8fbb23a6/,Si,https://www.virustotal.com/gui/file/003b15d63aff5224a2186fd5f23dd308d5a472953245199fddd93d4c8fbb23a6,,,Linux / ELF,,,2026-05-28 13:18:31,003b15d63aff5224a2186fd5f23dd308d5a472953245199fddd93d4c8fbb23a6.elf,74501,"botnet, elf, gafgyt, mirai",kpatsak
93,Gafgyt,2026,57a88a838e4951db97f4f5928edb7beb,58c49a2da3f63ac8f0d74ba95830a0f3f1f413ad,00414bedd14dba0cf9eb75e6a9b548e908fbd4b1cc371e009f608da80a140ff8,https://bazaar.abuse.ch/sample/00414bedd14dba0cf9eb75e6a9b548e908fbd4b1cc371e009f608da80a140ff8/,Si,https://www.virustotal.com/gui/file/00414bedd14dba0cf9eb75e6a9b548e908fbd4b1cc371e009f608da80a140ff8,,,Linux / ELF,,,2026-05-28 13:19:18,00414bedd14dba0cf9eb75e6a9b548e908fbd4b1cc371e009f608da80a140ff8.elf,164810,"botnet, elf, gafgyt, mirai",kpatsak
94,Gafgyt,2026,e41840b838fa980eef390e6b96a76ca5,44f18704eb78f63700d82261e09d82aaf1ce0730,0046d90a49a623fcc4e9875e65236bbf14007adabc66f8e943724a44f59e3715,https://bazaar.abuse.ch/sample/0046d90a49a623fcc4e9875e65236bbf14007adabc66f8e943724a44f59e3715/,Si,https://www.virustotal.com/gui/file/0046d90a49a623fcc4e9875e65236bbf14007adabc66f8e943724a44f59e3715,,,Linux / ELF,,,2026-05-28 13:19:45,0046d90a49a623fcc4e9875e65236bbf14007adabc66f8e943724a44f59e3715.elf,119017,"botnet, elf, gafgyt, mirai",kpatsak
95,Gafgyt,2026,26c9461e3825540a3dd786e97fed52dd,f500f5f1835019c4778ec1cd0ac84d4723fa33aa,00472840f67610f40774d9568635257585716013d71ee83b613b6092c19ae018,https://bazaar.abuse.ch/sample/00472840f67610f40774d9568635257585716013d71ee83b613b6092c19ae018/,Si,https://www.virustotal.com/gui/file/00472840f67610f40774d9568635257585716013d71ee83b613b6092c19ae018,,,Linux / ELF,,,2026-05-28 13:19:58,00472840f67610f40774d9568635257585716013d71ee83b613b6092c19ae018.elf,91540,"botnet, elf, gafgyt, mirai",kpatsak
96,Hajime,2025,a2d0dd316b103d4c8c4b7c40b7d31b6c,ea4e0c5c10ae58249c70249bf60685157a212f1e,b6d59046f70c9201a4fc68bc72825d81b1f7a6da71b4ccda5e4bd079a04cf705,https://bazaar.abuse.ch/sample/b6d59046f70c9201a4fc68bc72825d81b1f7a6da71b4ccda5e4bd079a04cf705/,Si,https://www.virustotal.com/gui/file/b6d59046f70c9201a4fc68bc72825d81b1f7a6da71b4ccda5e4bd079a04cf705,,,Linux / ELF,,,2025-05-17 07:15:03,.i,70400,"elf, Hajime",abuse_ch
97,Hajime,2025,70d082a6ae07ee6fe8a9b8917de0fb91,8f116550e8a7dc6e5ac9b249a7ee42f9e0bdac0b,1a115775ab266ad4bea66624fda1af6f1df06a3f6c7dd4dc118abcca9fad4a84,https://bazaar.abuse.ch/sample/1a115775ab266ad4bea66624fda1af6f1df06a3f6c7dd4dc118abcca9fad4a84/,Si,https://www.virustotal.com/gui/file/1a115775ab266ad4bea66624fda1af6f1df06a3f6c7dd4dc118abcca9fad4a84,,,Linux / ELF,,,2025-05-21 15:22:11,.i,85232,"elf, Hajime",abuse_ch
98,Hajime,2025,56754fa56b7260d5a33c15df51d034ed,429ef95b0cfbad771bbeeb378ebf5aeb51108736,23785928ef6ba201849a2ce58fba71e06fac9936fd4f1fd7adfe355bdcec15e7,https://bazaar.abuse.ch/sample/23785928ef6ba201849a2ce58fba71e06fac9936fd4f1fd7adfe355bdcec15e7/,Si,https://www.virustotal.com/gui/file/23785928ef6ba201849a2ce58fba71e06fac9936fd4f1fd7adfe355bdcec15e7,,,Linux / ELF,,,2025-05-23 19:03:26,.i,28160,"elf, Hajime",abuse_ch
99,Hajime,2025,120e8b03b8cd56e9404f7d8ae40e396b,03c8c4aedfdc33c43a38200a716231edad45ba0c,80d985ac3b6f24bf595fabdc5419fab469cff7bdabe2e1774b0cb6a2cd77f8de,https://bazaar.abuse.ch/sample/80d985ac3b6f24bf595fabdc5419fab469cff7bdabe2e1774b0cb6a2cd77f8de/,Si,https://www.virustotal.com/gui/file/80d985ac3b6f24bf595fabdc5419fab469cff7bdabe2e1774b0cb6a2cd77f8de,,,Linux / ELF,,,2025-05-24 17:41:28,.i,12672,"elf, Hajime",abuse_ch
100,Hajime,2025,cc1b0e1cc72677b33084299be39a428b,f6e2b169d72957a618f4532d33537b9ffaf0904c,d345c33eb5b5a03648988ebd625314dd11cf73ad1e4024c37ddab6d42bea92fe,https://bazaar.abuse.ch/sample/d345c33eb5b5a03648988ebd625314dd11cf73ad1e4024c37ddab6d42bea92fe/,Si,https://www.virustotal.com/gui/file/d345c33eb5b5a03648988ebd625314dd11cf73ad1e4024c37ddab6d42bea92fe,,,Linux / ELF,,,2025-05-27 00:21:16,i,58464,"elf, Hajime",abuse_ch
101,Hajime,2025,ad010e74148f38fc457a0be3e59ac9fd,fc1c4ee20c688d7cb1e3e1aa5c401ea42a493b78,35ad61e098ef1f31bd061ea79ee7808bd509f5e87ee5e474d0d06022e1effff2,https://bazaar.abuse.ch/sample/35ad61e098ef1f31bd061ea79ee7808bd509f5e87ee5e474d0d06022e1effff2/,Si,https://www.virustotal.com/gui/file/35ad61e098ef1f31bd061ea79ee7808bd509f5e87ee5e474d0d06022e1effff2,,,Linux / ELF,,,2025-05-31 18:31:48,.i,66176,"elf, Hajime",abuse_ch
102,Hajime,2025,43e98d7199e32d315a0552b6a4cb7d5e,7bb9b1e9f9c7b0f40b18e3eae6a6e4fa1101b3e4,955bcc69b70942f6bac6fe37c191e604e34876b0fcc42a8bf0e09a9a7c3a1a98,https://bazaar.abuse.ch/sample/955bcc69b70942f6bac6fe37c191e604e34876b0fcc42a8bf0e09a9a7c3a1a98/,Si,https://www.virustotal.com/gui/file/955bcc69b70942f6bac6fe37c191e604e34876b0fcc42a8bf0e09a9a7c3a1a98,,,Linux / ELF,,,2025-06-03 14:48:44,.i,33792,"elf, Hajime",abuse_ch
103,Hajime,2025,063344372d67024ba4939e00398963b6,7291b0b9a364d226bc18e4913177869d0e178ee1,aba1ba56bef1f4c7516bd32cab8cc39baac2613621df4dfea796d5506e6b2d03,https://bazaar.abuse.ch/sample/aba1ba56bef1f4c7516bd32cab8cc39baac2613621df4dfea796d5506e6b2d03/,Si,https://www.virustotal.com/gui/file/aba1ba56bef1f4c7516bd32cab8cc39baac2613621df4dfea796d5506e6b2d03,,,Linux / ELF,,,2025-06-03 17:57:54,.i,36608,"elf, Hajime",abuse_ch
104,Hajime,2025,704865442917d1e16d0f531bae6f2a05,f2d79589f4457e00af0ce13ec55224a07709dc32,f576046070afc087eba9062c61df0bad63ceef54e6f71466c02e07e74a3df403,https://bazaar.abuse.ch/sample/f576046070afc087eba9062c61df0bad63ceef54e6f71466c02e07e74a3df403/,Si,https://www.virustotal.com/gui/file/f576046070afc087eba9062c61df0bad63ceef54e6f71466c02e07e74a3df403,,,Linux / ELF,,,2025-06-18 17:46:35,.i,76320,"elf, Hajime",abuse_ch
105,Hajime,2025,c0375c21261d64b0dce458ef41002b5d,25134bf09ea4926c3b7d994237aa08ae34f7c6cd,7ce6be8900c36ef1fe2e22718fc6719a383816324cd993f63264f5059805515b,https://bazaar.abuse.ch/sample/7ce6be8900c36ef1fe2e22718fc6719a383816324cd993f63264f5059805515b/,Si,https://www.virustotal.com/gui/file/7ce6be8900c36ef1fe2e22718fc6719a383816324cd993f63264f5059805515b,,,Linux / ELF,,,2025-06-21 23:13:23,.i,7200,"elf, Hajime",abuse_ch
106,Hajime,2025,a0cfdbba99f8d071611b0cdcfdf6c94d,a041fd8fc306b8431f63bed96d30b66f3aa8307c,bc8bd2b71bd79864522bd3129519b2f2476f53198d1a16fd63c568c3cdc79c6c,https://bazaar.abuse.ch/sample/bc8bd2b71bd79864522bd3129519b2f2476f53198d1a16fd63c568c3cdc79c6c/,Si,https://www.virustotal.com/gui/file/bc8bd2b71bd79864522bd3129519b2f2476f53198d1a16fd63c568c3cdc79c6c,,,Linux / ELF,,,2025-06-25 19:11:44,i,85232,"elf, Hajime",abuse_ch
107,Hajime,2025,0f47f0b30760a73eee65122b05b1c711,c64d7d3da6a7d3628f3f11e0ae60c693e2b9076e,e5d3260bae3431a340c9190060fcdce47aa70570c93796297b625c5829e33e4c,https://bazaar.abuse.ch/sample/e5d3260bae3431a340c9190060fcdce47aa70570c93796297b625c5829e33e4c/,Si,https://www.virustotal.com/gui/file/e5d3260bae3431a340c9190060fcdce47aa70570c93796297b625c5829e33e4c,,,Linux / ELF,,,2025-06-28 17:19:48,.i,78624,"elf, Hajime",abuse_ch
108,Hajime,2025,3c4e5ea457e0c718a2609a78759cd380,e09449eafc30cb6f29befaa4a0be62e22801ed60,bffd08b923f6a4405ede68c7dbf39a68d0b2dc1afdb565146eaa83083474640a,https://bazaar.abuse.ch/sample/bffd08b923f6a4405ede68c7dbf39a68d0b2dc1afdb565146eaa83083474640a/,Si,https://www.virustotal.com/gui/file/bffd08b923f6a4405ede68c7dbf39a68d0b2dc1afdb565146eaa83083474640a,,,Linux / ELF,,,2025-07-01 04:34:27,.i,75816,"elf, Hajime, mirai",abuse_ch
109,Hajime,2025,f6287bfb6e38b39c2475e3b51a834685,3acd9a24695108a4ac801d8a31317a226eb8c36c,cfdbbaa2f323f3683ef89cd9ab3f1dda2441cbc6d0f74134b75cfe0f4df6fb34,https://bazaar.abuse.ch/sample/cfdbbaa2f323f3683ef89cd9ab3f1dda2441cbc6d0f74134b75cfe0f4df6fb34/,Si,https://www.virustotal.com/gui/file/cfdbbaa2f323f3683ef89cd9ab3f1dda2441cbc6d0f74134b75cfe0f4df6fb34,,,Linux / ELF,,,2025-07-02 10:28:36,.i,65424,"elf, Hajime",abuse_ch
110,Hajime,2025,7f82688b325ca675f3444200d38added,c5f8c494dcf1947d47219399b1f0e6ff47639a9e,a02d0931e7478ed69aab5ee8f4bac3a8d4965b18f6ceb89923b1b23eb08f0b20,https://bazaar.abuse.ch/sample/a02d0931e7478ed69aab5ee8f4bac3a8d4965b18f6ceb89923b1b23eb08f0b20/,Si,https://www.virustotal.com/gui/file/a02d0931e7478ed69aab5ee8f4bac3a8d4965b18f6ceb89923b1b23eb08f0b20,,,Linux / ELF,,,2025-07-02 16:25:43,.i,76248,"elf, Hajime, mirai",abuse_ch
111,Hajime,2025,e34dbee48c35551c4b9c74cb5f985adf,1517e9830ba8d83086edc64fa2458830e2e09283,7da11e3d597c802b2aac12e5035ee71785f4e70e0ce549252989f4f187c74648,https://bazaar.abuse.ch/sample/7da11e3d597c802b2aac12e5035ee71785f4e70e0ce549252989f4f187c74648/,Si,https://www.virustotal.com/gui/file/7da11e3d597c802b2aac12e5035ee71785f4e70e0ce549252989f4f187c74648,,,Linux / ELF,,,2025-07-03 10:48:07,i,27120,"elf, Hajime",abuse_ch
112,Hajime,2025,93b6cd780bc9f7674a960f8dcf49196e,701f613af5e1c5511160ea6fd77ef80cdc0cb6a1,8c4b48579be5be786fc641c5072ca378f67e620f515268e2910b7b000226659a,https://bazaar.abuse.ch/sample/8c4b48579be5be786fc641c5072ca378f67e620f515268e2910b7b000226659a/,Si,https://www.virustotal.com/gui/file/8c4b48579be5be786fc641c5072ca378f67e620f515268e2910b7b000226659a,,,Linux / ELF,,,2025-07-06 23:55:51,i,54858,"elf, Hajime",abuse_ch
113,Hajime,2025,ed076657fdfc655292e397759ab56eb3,6f5e1365db9ef4aeef481f657b1691cde68b7893,ee3e07ec676205adfaa214c8d9f9c4bce03c5902610cc963fb3b7eaf8980bfd0,https://bazaar.abuse.ch/sample/ee3e07ec676205adfaa214c8d9f9c4bce03c5902610cc963fb3b7eaf8980bfd0/,Si,https://www.virustotal.com/gui/file/ee3e07ec676205adfaa214c8d9f9c4bce03c5902610cc963fb3b7eaf8980bfd0,,,Linux / ELF,,,2025-07-09 23:50:45,i,45936,"elf, Hajime",abuse_ch
114,Hajime,2025,619dd480f958fe306b4aea8d176becb7,df2877f33e73471ba29aa08755633a49783c64ec,6cb60dd1c0b08385bface8d0902003cc043f627e09aeb05ef6d23c7fc22077f6,https://bazaar.abuse.ch/sample/6cb60dd1c0b08385bface8d0902003cc043f627e09aeb05ef6d23c7fc22077f6/,Si,https://www.virustotal.com/gui/file/6cb60dd1c0b08385bface8d0902003cc043f627e09aeb05ef6d23c7fc22077f6,,,Linux / ELF,,,2025-07-10 05:53:39,.i,34560,"elf, Hajime",abuse_ch
115,Hajime,2025,14df9d2bf4651a5e687ba974cbd4d9f4,ff012e12539fee542397847a55506911d3741e50,526a9d912267818e3370e8da9a4a4317b7e3e8d7118f59c585e44946663cd0d2,https://bazaar.abuse.ch/sample/526a9d912267818e3370e8da9a4a4317b7e3e8d7118f59c585e44946663cd0d2/,Si,https://www.virustotal.com/gui/file/526a9d912267818e3370e8da9a4a4317b7e3e8d7118f59c585e44946663cd0d2,,,Linux / ELF,,,2025-07-11 05:17:51,i,46830,"elf, Hajime",abuse_ch
116,Hajime,2025,56d6ee625a5f0f8ec5ab574c8f6f5ba2,253328d7f31380953f96de38ae06c0f76b20ad48,1ef2015c4063d802216b4e28c928f0a9fd4b10756c0ce3a427d5ac6744b2ebf2,https://bazaar.abuse.ch/sample/1ef2015c4063d802216b4e28c928f0a9fd4b10756c0ce3a427d5ac6744b2ebf2/,Si,https://www.virustotal.com/gui/file/1ef2015c4063d802216b4e28c928f0a9fd4b10756c0ce3a427d5ac6744b2ebf2,,,Linux / ELF,,,2025-07-11 06:20:36,.i,39200,"elf, Hajime",abuse_ch
117,Hajime,2025,7093ae3364cc74eb37ff7ccb1f68f755,64dd4b70eddda57ac9181bbe74fb95c9cdf81328,aa6b284080746500ebe071b0807dec43012ce85aee8a901cf2eb797966ad6814,https://bazaar.abuse.ch/sample/aa6b284080746500ebe071b0807dec43012ce85aee8a901cf2eb797966ad6814/,Si,https://www.virustotal.com/gui/file/aa6b284080746500ebe071b0807dec43012ce85aee8a901cf2eb797966ad6814,,,Linux / ELF,,,2025-07-12 00:19:33,.i,68264,"elf, Hajime",abuse_ch
118,Hajime,2025,cdcf2c1a0f9d08295c3fa8df442506b7,8235cd324517d7fd6715aa0a19183c23020814c0,d9c4f61ab8dbad7f4b235ef44c385e81e8f74a17efe152b1d0929137e2ca83de,https://bazaar.abuse.ch/sample/d9c4f61ab8dbad7f4b235ef44c385e81e8f74a17efe152b1d0929137e2ca83de/,Si,https://www.virustotal.com/gui/file/d9c4f61ab8dbad7f4b235ef44c385e81e8f74a17efe152b1d0929137e2ca83de,,,Linux / ELF,,,2025-07-13 06:32:56,i,74928,"elf, Hajime",abuse_ch
119,Hajime,2025,07c0b3ea455147146dd5e724a9701feb,0476688bf8b8b3279b908378b3da62896db521f6,bd38841d57bdde3f865bc64040335527d7866b4e0caa6bd211202209e1390493,https://bazaar.abuse.ch/sample/bd38841d57bdde3f865bc64040335527d7866b4e0caa6bd211202209e1390493/,Si,https://www.virustotal.com/gui/file/bd38841d57bdde3f865bc64040335527d7866b4e0caa6bd211202209e1390493,,,Linux / ELF,,,2025-07-14 00:26:36,i,78942,"elf, Hajime",abuse_ch
120,Hajime,2025,d2b186f3136097a3515b93c00134483b,0c65b873585fc36da822bf4c6e049659cd1fe408,5e0b510e6237e9e7823e1c7b0713949fabecc88e12f5d64a23b570a32fbeb684,https://bazaar.abuse.ch/sample/5e0b510e6237e9e7823e1c7b0713949fabecc88e12f5d64a23b570a32fbeb684/,Si,https://www.virustotal.com/gui/file/5e0b510e6237e9e7823e1c7b0713949fabecc88e12f5d64a23b570a32fbeb684,,,Linux / ELF,,,2025-07-14 11:49:23,i,72252,"elf, Hajime",abuse_ch
121,Hajime,2025,0fe9aaa178d534845699ec1c136011f5,b3febd00755e02cfebf364c4acaedea622a2fede,4ebf137d9919b00c860f62ad68960b5b7cf16ac3a47e7555e23f49506697572a,https://bazaar.abuse.ch/sample/4ebf137d9919b00c860f62ad68960b5b7cf16ac3a47e7555e23f49506697572a/,Si,https://www.virustotal.com/gui/file/4ebf137d9919b00c860f62ad68960b5b7cf16ac3a47e7555e23f49506697572a,,,Linux / ELF,,,2025-07-18 00:24:11,.i,34776,"elf, Hajime",abuse_ch
122,Hajime,2025,6191112353a47af07c1ec51a0c4ca34b,31015e67d8573a6488d1a08aed662de17d2f0666,7a3c7d05422ad8ae24410b7366438b4922fc3e08442ed2c319c5225da0a0cabf,https://bazaar.abuse.ch/sample/7a3c7d05422ad8ae24410b7366438b4922fc3e08442ed2c319c5225da0a0cabf/,Si,https://www.virustotal.com/gui/file/7a3c7d05422ad8ae24410b7366438b4922fc3e08442ed2c319c5225da0a0cabf,,,Linux / ELF,,,2025-07-19 17:39:43,.i,63848,"elf, Hajime",abuse_ch
123,Hajime,2025,2240bca06ea6a54962542b73bfe9d638,8342442741abe777f13d574cd919d74dda1f319b,d887c82414989b181a656b52a011907da0a7252a87436c2a903dc4c1004bcdba,https://bazaar.abuse.ch/sample/d887c82414989b181a656b52a011907da0a7252a87436c2a903dc4c1004bcdba/,Si,https://www.virustotal.com/gui/file/d887c82414989b181a656b52a011907da0a7252a87436c2a903dc4c1004bcdba,,,Linux / ELF,,,2025-07-20 06:11:56,.i,77760,"elf, Hajime, mirai",abuse_ch
124,Hajime,2025,873039e7c786ad55b7dcfeed5763dfba,334937b0baf700d820c12827a926ccb97d5c965f,2a5b46b509051ce5306cf365ec7ee6d06a3e5e46129f6b26934fa770ecd0c4b2,https://bazaar.abuse.ch/sample/2a5b46b509051ce5306cf365ec7ee6d06a3e5e46129f6b26934fa770ecd0c4b2/,Si,https://www.virustotal.com/gui/file/2a5b46b509051ce5306cf365ec7ee6d06a3e5e46129f6b26934fa770ecd0c4b2,,,Linux / ELF,,,2025-07-22 11:46:55,.i,62460,"elf, Hajime",abuse_ch
125,Hajime,2025,2aa475784e2d86332ac954141181838f,5e2499c60be1f9aabe690d8f7192b34b2840e03a,78fe1e5f9ae44faeef7085dd3e3177db083cc61490c5acccd9813e08886c4612,https://bazaar.abuse.ch/sample/78fe1e5f9ae44faeef7085dd3e3177db083cc61490c5acccd9813e08886c4612/,Si,https://www.virustotal.com/gui/file/78fe1e5f9ae44faeef7085dd3e3177db083cc61490c5acccd9813e08886c4612,,,Linux / ELF,,,2025-07-28 16:52:20,.i,44800,"elf, Hajime",abuse_ch
126,Hajime,2025,591622ae378079a3e02c8a40d73b1d30,b2a431851ecf0a5ec490e3f0ceaa550ba39f08d7,f9d5c29c873c29d628cb9865aaf103b112b178642ba9417b7681a12496a228b9,https://bazaar.abuse.ch/sample/f9d5c29c873c29d628cb9865aaf103b112b178642ba9417b7681a12496a228b9/,Si,https://www.virustotal.com/gui/file/f9d5c29c873c29d628cb9865aaf103b112b178642ba9417b7681a12496a228b9,,,Linux / ELF,,,2025-07-28 16:52:22,i,51100,"elf, Hajime",abuse_ch
127,Hajime,2025,d017b39af36960f7f55202a57eb309c5,2fb773eddb4885202bca9a3bbf10ce27ebb9db5a,384472bb579cf0ffa9b9865a0c0316c607e492dac319a80338c89d7f1285de81,https://bazaar.abuse.ch/sample/384472bb579cf0ffa9b9865a0c0316c607e492dac319a80338c89d7f1285de81/,Si,https://www.virustotal.com/gui/file/384472bb579cf0ffa9b9865a0c0316c607e492dac319a80338c89d7f1285de81,,,Linux / ELF,,,2025-07-28 23:40:58,i,39024,"elf, Hajime",abuse_ch
128,Hajime,2025,ed88846217b1eee4b10a70b59b0decd2,507171390d8fcccc4f01a35af703846e5ba739ba,96c87093af790387f242cf3f412bfb19d9cc43fd1241b247103c6dc276baf1ca,https://bazaar.abuse.ch/sample/96c87093af790387f242cf3f412bfb19d9cc43fd1241b247103c6dc276baf1ca/,Si,https://www.virustotal.com/gui/file/96c87093af790387f242cf3f412bfb19d9cc43fd1241b247103c6dc276baf1ca,,,Linux / ELF,,,2025-07-31 23:49:49,.i,37352,"elf, Hajime",abuse_ch
129,Hajime,2025,e170404b35cf0de1b0c3ed9ad669bb88,af9893c74c9229f62f7f207fdeed94659091c03d,3d09bd8a1908013ffa70fc98cd14fd900a22cdbc426344977239e9a9bca426d8,https://bazaar.abuse.ch/sample/3d09bd8a1908013ffa70fc98cd14fd900a22cdbc426344977239e9a9bca426d8/,Si,https://www.virustotal.com/gui/file/3d09bd8a1908013ffa70fc98cd14fd900a22cdbc426344977239e9a9bca426d8,,,Linux / ELF,,,2025-08-04 05:52:20,i,17364,"elf, Hajime",abuse_ch
130,Hajime,2025,1acd5cd613e9dedbb7889b3c78a3ff08,a74586dfeb160b085aafe87b0bad5110c6616141,e6f39e99a24067fc216536021464def23a9e093d5c55c7060451d6fde4135c3c,https://bazaar.abuse.ch/sample/e6f39e99a24067fc216536021464def23a9e093d5c55c7060451d6fde4135c3c/,Si,https://www.virustotal.com/gui/file/e6f39e99a24067fc216536021464def23a9e093d5c55c7060451d6fde4135c3c,,,Linux / ELF,,,2025-08-07 00:22:50,.i,68472,"elf, Hajime",abuse_ch
131,Hajime,2025,5a09a880a21220f2190e6ee043413faa,576b549a302d451efe4370e8bdc2f3ed5bb0d089,b43849ed37ce1617d063173b584aab91d256fadfec389b1d1cfbe4c46beb20e7,https://bazaar.abuse.ch/sample/b43849ed37ce1617d063173b584aab91d256fadfec389b1d1cfbe4c46beb20e7/,Si,https://www.virustotal.com/gui/file/b43849ed37ce1617d063173b584aab91d256fadfec389b1d1cfbe4c46beb20e7,,,Linux / ELF,,,2025-08-19 14:47:39,.i,36088,"elf, Hajime",abuse_ch
132,Hajime,2025,c55d3396b1261849d9a3fa97ee2e7d80,f7c4f59c98588d5d9ab1ebebf3dd5532c010d2a1,3cc5075bcfaad4ad2a21e6bb10f9e2b861bfd63cda8cfe96d09977766db3f967,https://bazaar.abuse.ch/sample/3cc5075bcfaad4ad2a21e6bb10f9e2b861bfd63cda8cfe96d09977766db3f967/,Si,https://www.virustotal.com/gui/file/3cc5075bcfaad4ad2a21e6bb10f9e2b861bfd63cda8cfe96d09977766db3f967,,,Linux / ELF,,,2025-08-26 03:58:44,Mozi.m,21638,"elf, Hajime",abuse_ch
133,Hajime,2025,dd4a33166891a3d80ede89e0c4e38620,8d1b20177f46c957a6afe4a5d692c48d412504e3,6d6b9892cc2b72860597d227134048a5b7ce579ec0e2437e702f2d8b64749ba0,https://bazaar.abuse.ch/sample/6d6b9892cc2b72860597d227134048a5b7ce579ec0e2437e702f2d8b64749ba0/,Si,https://www.virustotal.com/gui/file/6d6b9892cc2b72860597d227134048a5b7ce579ec0e2437e702f2d8b64749ba0,,,Linux / ELF,,,2025-08-26 19:52:42,.i,77728,"elf, Hajime",abuse_ch
134,Hajime,2025,2cab1194031a82d5241cea5c846ea4e3,2c79c7747d1a26820fe0c446458ff5a94b7d569f,470f42895551bdf644cf5e5be6867e354456651dc3f01d8daa0f9294f4030f28,https://bazaar.abuse.ch/sample/470f42895551bdf644cf5e5be6867e354456651dc3f01d8daa0f9294f4030f28/,Si,https://www.virustotal.com/gui/file/470f42895551bdf644cf5e5be6867e354456651dc3f01d8daa0f9294f4030f28,,,Linux / ELF,,,2025-09-07 03:07:46,.i,73416,"elf, Hajime",abuse_ch
135,Hajime,2025,bf28033c281b730cb478242548b1f3a6,fea514bd6cbcc8991cc467cbff6d2fb9b7850a34,9dc3b6a2224c3de9818c73e883bfd05f88920ecef75224658ee9a3f0a50f92b5,https://bazaar.abuse.ch/sample/9dc3b6a2224c3de9818c73e883bfd05f88920ecef75224658ee9a3f0a50f92b5/,Si,https://www.virustotal.com/gui/file/9dc3b6a2224c3de9818c73e883bfd05f88920ecef75224658ee9a3f0a50f92b5,,,Linux / ELF,,,2025-09-07 05:48:35,i,41592,"elf, Hajime",abuse_ch
136,Hajime,2025,86a7654e20e308cd13a8a66243aeaef5,40548b973c9ba118c0a1f8eb921e1c264b68ea93,53657b0501eca951d6b6cc73ad2e64f1777240abd065c31ca58f4ea36a3979ad,https://bazaar.abuse.ch/sample/53657b0501eca951d6b6cc73ad2e64f1777240abd065c31ca58f4ea36a3979ad/,Si,https://www.virustotal.com/gui/file/53657b0501eca951d6b6cc73ad2e64f1777240abd065c31ca58f4ea36a3979ad,,,Linux / ELF,,,2025-09-18 13:23:28,Mozi.m,55872,"elf, Hajime",abuse_ch
137,Hajime,2025,1220438cf9d1693d47aa3a1803a2af65,519b970ae866a8d9db79758fa35f62e55081304c,9a2e44828724b2a952333597f2cf2b3fa2e424ca9169b9160783095e4a8f283d,https://bazaar.abuse.ch/sample/9a2e44828724b2a952333597f2cf2b3fa2e424ca9169b9160783095e4a8f283d/,Si,https://www.virustotal.com/gui/file/9a2e44828724b2a952333597f2cf2b3fa2e424ca9169b9160783095e4a8f283d,,,Linux / ELF,,,2025-09-19 07:18:30,i,38736,"elf, Hajime",abuse_ch
138,Hajime,2025,2afd539e3ee1dd505061d6d32faccfd4,0f8576e2871163fb802527836d19d0b054ca3ab2,e9e0766c4e6be64cc94f7cbcf7395405d7176c3ced18c632827cfc2b8086c7cf,https://bazaar.abuse.ch/sample/e9e0766c4e6be64cc94f7cbcf7395405d7176c3ced18c632827cfc2b8086c7cf/,Si,https://www.virustotal.com/gui/file/e9e0766c4e6be64cc94f7cbcf7395405d7176c3ced18c632827cfc2b8086c7cf,,,Linux / ELF,,,2025-09-23 15:52:43,.i,54444,"elf, Hajime",abuse_ch
139,Hajime,2025,21c3c21d1e70b6d86d801b16fcb4de1f,80c49d0e4fcd496744af6179a01b665149776344,654adf1e21b338943d3bb886c27f740775cc9ab59823cb1b432217bb407dc96e,https://bazaar.abuse.ch/sample/654adf1e21b338943d3bb886c27f740775cc9ab59823cb1b432217bb407dc96e/,Si,https://www.virustotal.com/gui/file/654adf1e21b338943d3bb886c27f740775cc9ab59823cb1b432217bb407dc96e,,,Linux / ELF,,,2025-09-27 13:51:36,.i,60536,"elf, Hajime",abuse_ch
140,Hajime,2025,9f41936f0e8791083e7b1ef44b64ba59,34019313ad7ac5df32758a3ff9fc8c592cee3991,8408733bc34112c00b271e9992eafd58ecc8fb0f2bcaa1c4d8d97e908910b8c6,https://bazaar.abuse.ch/sample/8408733bc34112c00b271e9992eafd58ecc8fb0f2bcaa1c4d8d97e908910b8c6/,Si,https://www.virustotal.com/gui/file/8408733bc34112c00b271e9992eafd58ecc8fb0f2bcaa1c4d8d97e908910b8c6,,,Linux / ELF,,,2025-09-27 15:49:42,i,48944,"elf, Hajime",abuse_ch
141,Hajime,2025,bba89a53e17d7ac2d8f83ba27636aa0e,ba547d755ac118946dc31e4935f9f0398a1ceaec,8ecea29625db7c2aabcde6dafe3df002a5334a770890f1a59b2e572b52402bfa,https://bazaar.abuse.ch/sample/8ecea29625db7c2aabcde6dafe3df002a5334a770890f1a59b2e572b52402bfa/,Si,https://www.virustotal.com/gui/file/8ecea29625db7c2aabcde6dafe3df002a5334a770890f1a59b2e572b52402bfa,,,Linux / ELF,,,2025-09-27 16:30:23,.i,77280,"elf, Hajime",abuse_ch
142,Hajime,2025,e8d633ab9b77202e52cb19f25ecfc059,59e8cfe38d575c2a39162aed521d0172fa858030,2816c3b12c84808607791c6da2d06bd43b26c457e619ffef6fd9098d425ae3c9,https://bazaar.abuse.ch/sample/2816c3b12c84808607791c6da2d06bd43b26c457e619ffef6fd9098d425ae3c9/,Si,https://www.virustotal.com/gui/file/2816c3b12c84808607791c6da2d06bd43b26c457e619ffef6fd9098d425ae3c9,,,Linux / ELF,,,2025-09-27 22:24:22,i,45080,"elf, Hajime",abuse_ch
143,Hajime,2025,bbef2b36863db31caea24a6b0910eb44,073c5c0415a480b70e8fbee85fc90b0d507c0785,1eff938099118f042fedd7068064e8707656959f8c32ea50d521f96a80675813,https://bazaar.abuse.ch/sample/1eff938099118f042fedd7068064e8707656959f8c32ea50d521f96a80675813/,Si,https://www.virustotal.com/gui/file/1eff938099118f042fedd7068064e8707656959f8c32ea50d521f96a80675813,,,Linux / ELF,,,2025-09-28 01:46:36,i,30912,"elf, Hajime",abuse_ch
144,Hajime,2025,f6de48e2099666fc8823b01d2b01d2b7,612ea696c3eee6639bba751d8826cc232ed4f39e,87e9a85fce04acd494c13792f78490fa8a83a1330f947c2c0c25a2d1e838bdd7,https://bazaar.abuse.ch/sample/87e9a85fce04acd494c13792f78490fa8a83a1330f947c2c0c25a2d1e838bdd7/,Si,https://www.virustotal.com/gui/file/87e9a85fce04acd494c13792f78490fa8a83a1330f947c2c0c25a2d1e838bdd7,,,Linux / ELF,,,2025-09-30 09:58:54,i,19920,"elf, Hajime",abuse_ch
145,Hajime,2025,845164e06ce3a9ec5b2bed6268161668,e8871fa170c8a7f25ec205292a04a538920b7bd9,d06e38981c3b60ddb814204bd958bcf5194e43b754ea76f26f0f558ff5644954,https://bazaar.abuse.ch/sample/d06e38981c3b60ddb814204bd958bcf5194e43b754ea76f26f0f558ff5644954/,Si,https://www.virustotal.com/gui/file/d06e38981c3b60ddb814204bd958bcf5194e43b754ea76f26f0f558ff5644954,,,Linux / ELF,,,2025-09-30 10:01:47,i,63140,"elf, Hajime",abuse_ch
146,Hajime,2025,c576a5ea8359f30de7172a59a26c0c01,e93478b7d8fd2a2746df5caf7186976d48e8ffc0,a15153afd7c9b4d9f5171ff5fdd4bbf6793a83a87124bea0d3e1664a40785952,https://bazaar.abuse.ch/sample/a15153afd7c9b4d9f5171ff5fdd4bbf6793a83a87124bea0d3e1664a40785952/,Si,https://www.virustotal.com/gui/file/a15153afd7c9b4d9f5171ff5fdd4bbf6793a83a87124bea0d3e1664a40785952,,,Linux / ELF,,,2025-10-04 12:07:08,.i,12880,"elf, Hajime",abuse_ch
147,Hajime,2025,68a58365c728dbcab96ff9f3a354f06e,688b584f93bfcf0fdc1968df20f2c629f61e5ba0,cd3b04e6961aef78f4d20e451ef7a08a06c84868944c81b0f59397a2616eef0d,https://bazaar.abuse.ch/sample/cd3b04e6961aef78f4d20e451ef7a08a06c84868944c81b0f59397a2616eef0d/,Si,https://www.virustotal.com/gui/file/cd3b04e6961aef78f4d20e451ef7a08a06c84868944c81b0f59397a2616eef0d,,,Linux / ELF,,,2025-10-04 22:12:48,.i,57960,"elf, Hajime",abuse_ch
148,Hajime,2025,a770397f4dedb5b829d479a796f581a7,dec32a9128fad437ad38d2b44430296b6bff3409,6fb1abffa32badf868367605a2828c7cf4012f46faa3b49fc44ab2ac14fad5a4,https://bazaar.abuse.ch/sample/6fb1abffa32badf868367605a2828c7cf4012f46faa3b49fc44ab2ac14fad5a4/,Si,https://www.virustotal.com/gui/file/6fb1abffa32badf868367605a2828c7cf4012f46faa3b49fc44ab2ac14fad5a4,,,Linux / ELF,,,2025-10-05 15:21:20,.i,75864,"elf, Hajime",abuse_ch
149,Hajime,2025,e03fcf913a626fbd957580d10dcece9c,adf407793137162939c4db2c48427a5326c31f09,421114c781335aa564154e0a88c87345e5fca232093b39c1695ad6ffcea4b7be,https://bazaar.abuse.ch/sample/421114c781335aa564154e0a88c87345e5fca232093b39c1695ad6ffcea4b7be/,Si,https://www.virustotal.com/gui/file/421114c781335aa564154e0a88c87345e5fca232093b39c1695ad6ffcea4b7be,,,Linux / ELF,,,2025-10-09 22:24:45,.i,54096,"elf, Hajime",abuse_ch
150,Hajime,2025,b48a07da2d2d29a37167a271dcc00ff7,df57b3fa81977e3f84d71791d15f5ccac9a22c92,b12cfc349d7818be942030aac1c9ed75d43e676d9cd02ba999ee2b462f23624b,https://bazaar.abuse.ch/sample/b12cfc349d7818be942030aac1c9ed75d43e676d9cd02ba999ee2b462f23624b/,Si,https://www.virustotal.com/gui/file/b12cfc349d7818be942030aac1c9ed75d43e676d9cd02ba999ee2b462f23624b,,,Linux / ELF,,,2025-10-18 17:53:46,i,68724,"elf, Hajime",abuse_ch
151,Hajime,2025,4ec4de30ce7396a195f5fc28fd2a67da,53b6aa4278c7dbead76dab4af14b3730edfe15fc,91a8ac9cef373cd162c9fdf57f08fcd890c52c38313264d1713eba257e554441,https://bazaar.abuse.ch/sample/91a8ac9cef373cd162c9fdf57f08fcd890c52c38313264d1713eba257e554441/,Si,https://www.virustotal.com/gui/file/91a8ac9cef373cd162c9fdf57f08fcd890c52c38313264d1713eba257e554441,,,Linux / ELF,,,2025-10-21 10:12:35,.i,68600,"elf, Hajime",abuse_ch
152,Hajime,2025,7dff56c77e40c578d6687c7611ba19b1,f4aa79f77dc51de404031722e5aa4f3d0e77d8d8,bdd7e13e31e13596d5df4caf68827934fcca52023e7f299de77d74bdc7275d7c,https://bazaar.abuse.ch/sample/bdd7e13e31e13596d5df4caf68827934fcca52023e7f299de77d74bdc7275d7c/,Si,https://www.virustotal.com/gui/file/bdd7e13e31e13596d5df4caf68827934fcca52023e7f299de77d74bdc7275d7c,,,Linux / ELF,,,2025-11-07 18:47:00,.i,38880,"elf, Hajime",abuse_ch
153,Hajime,2025,f4fda3cdbf0ba99319f44e8a865dfaa4,84be88c8d424e4aced9458d6d65bd493ae6eb217,b7470f07cace85a6065df567f94356520e644e537b46ab7af1a0f0f3b1d96ca6,https://bazaar.abuse.ch/sample/b7470f07cace85a6065df567f94356520e644e537b46ab7af1a0f0f3b1d96ca6/,Si,https://www.virustotal.com/gui/file/b7470f07cace85a6065df567f94356520e644e537b46ab7af1a0f0f3b1d96ca6,,,Linux / ELF,,,2025-11-09 03:24:00,.i,59248,"elf, Hajime",abuse_ch
154,Hajime,2025,26d48b9510d748466d4d41cd46d018fd,d5455f679226f6bcac55fa0025790f2591a7444b,eef2a53dd70578b8a081b07d1631151da39274fd382803c9703fdcce9e86fa3a,https://bazaar.abuse.ch/sample/eef2a53dd70578b8a081b07d1631151da39274fd382803c9703fdcce9e86fa3a/,Si,https://www.virustotal.com/gui/file/eef2a53dd70578b8a081b07d1631151da39274fd382803c9703fdcce9e86fa3a,,,Linux / ELF,,,2025-11-10 00:47:29,i,43338,"elf, Hajime",abuse_ch
155,Hajime,2025,b6633551cfd059baafad49ff1f79ca2c,4590fd9bbd63a858d0d12b4d6768b0f6fe6f7edc,7485626e50595dfc04c3550949988e50859534f7749edb1488e0e010ab88a9ef,https://bazaar.abuse.ch/sample/7485626e50595dfc04c3550949988e50859534f7749edb1488e0e010ab88a9ef/,Si,https://www.virustotal.com/gui/file/7485626e50595dfc04c3550949988e50859534f7749edb1488e0e010ab88a9ef,,,Linux / ELF,,,2025-11-12 18:13:25,i,48620,"elf, Hajime",abuse_ch
156,Hajime,2025,e17d3dd983fdf9cae1c0f68bb90e1444,f64197c08401c583cdaf0baac852478057f03ebf,a33552402fe62ce3536a69ea2ebd61f7de706a7c75ad9aecf8cd9a677e669fee,https://bazaar.abuse.ch/sample/a33552402fe62ce3536a69ea2ebd61f7de706a7c75ad9aecf8cd9a677e669fee/,Si,https://www.virustotal.com/gui/file/a33552402fe62ce3536a69ea2ebd61f7de706a7c75ad9aecf8cd9a677e669fee,,,Linux / ELF,,,2025-11-18 17:18:28,.i,23800,"elf, Hajime",abuse_ch
157,Hajime,2025,1775473f4f16bf2131de716cc76d2257,997d880d20b046da063c3060f9fba6233034cca3,10d9050fd2cce094214ce2fecc244ec6c2d06479a2f64f0567a80c01b995e384,https://bazaar.abuse.ch/sample/10d9050fd2cce094214ce2fecc244ec6c2d06479a2f64f0567a80c01b995e384/,Si,https://www.virustotal.com/gui/file/10d9050fd2cce094214ce2fecc244ec6c2d06479a2f64f0567a80c01b995e384,,,Linux / ELF,,,2025-11-19 09:21:58,i,61548,"elf, Hajime",abuse_ch
158,Hajime,2025,c5589ff4b41a5904417563341c4c9baa,cb30a4e7db71c48c94a5df97900aa7ebd2141dc6,08c494f2ab7534c7ac79fd4ee6fa77eab4ea18de787895b49eb1cad91664d260,https://bazaar.abuse.ch/sample/08c494f2ab7534c7ac79fd4ee6fa77eab4ea18de787895b49eb1cad91664d260/,Si,https://www.virustotal.com/gui/file/08c494f2ab7534c7ac79fd4ee6fa77eab4ea18de787895b49eb1cad91664d260,,,Linux / ELF,,,2025-11-22 06:07:16,Mozi.m,74456,"elf, Hajime",abuse_ch
159,Hajime,2025,70d557512aba670e4c2a1540ea82eba4,76346efa0399f01d1b598ba4b7cd6cf7f1ef31e1,1a50f7ed40a2d047bb7a95eae650571dfee80694818dddc54a57e9f0a93617e5,https://bazaar.abuse.ch/sample/1a50f7ed40a2d047bb7a95eae650571dfee80694818dddc54a57e9f0a93617e5/,Si,https://www.virustotal.com/gui/file/1a50f7ed40a2d047bb7a95eae650571dfee80694818dddc54a57e9f0a93617e5,,,Linux / ELF,,,2025-12-01 18:28:35,i,73876,"elf, Hajime",abuse_ch
160,Hajime,2025,dfe15c7c8956dce65892e8fa3ab10184,24968e60581d70e37787624cb11e779965c6d628,7927f26efedc57b7b780b28e4b8998bbb71b48a11ddb7a6ba8dd4fb9a393ce46,https://bazaar.abuse.ch/sample/7927f26efedc57b7b780b28e4b8998bbb71b48a11ddb7a6ba8dd4fb9a393ce46/,Si,https://www.virustotal.com/gui/file/7927f26efedc57b7b780b28e4b8998bbb71b48a11ddb7a6ba8dd4fb9a393ce46,,,Linux / ELF,,,2025-12-14 16:48:41,.i,79200,"elf, Hajime",abuse_ch
161,Hajime,2025,b301d0d423afaf290468e9ef13bb1b39,d14261d6f7f85b965f070b1076b38c3d91c89754,60b5b171e979d2079cff3e47bee2fe990a7650e6c0eeffeaee72208adbb4cb69,https://bazaar.abuse.ch/sample/60b5b171e979d2079cff3e47bee2fe990a7650e6c0eeffeaee72208adbb4cb69/,Si,https://www.virustotal.com/gui/file/60b5b171e979d2079cff3e47bee2fe990a7650e6c0eeffeaee72208adbb4cb69,,,Linux / ELF,,,2025-12-20 08:56:58,.i,54720,"elf, Hajime",abuse_ch
162,Hajime,2025,8fe12c975fddc4ff70cec86e24e8ddaf,a95a4a09d3f0e4bdd299b09fed944cff967bdd65,7cf48efb48badc9a8989e90396d04c5f8cebb870b44a2e3789606fc0e0c3ff08,https://bazaar.abuse.ch/sample/7cf48efb48badc9a8989e90396d04c5f8cebb870b44a2e3789606fc0e0c3ff08/,Si,https://www.virustotal.com/gui/file/7cf48efb48badc9a8989e90396d04c5f8cebb870b44a2e3789606fc0e0c3ff08,,,Linux / ELF,,,2025-12-27 18:08:09,.i,48026,"elf, Hajime",abuse_ch
163,Hajime,2026,5ea8197eca1c6b71c3225a9b78e4d229,950085e1225e1ba77a2207328c6781a060a06bd6,025f8c57aeed8e8d618ccae3fd094e945af54279fcf45655facf9de539ebce22,https://bazaar.abuse.ch/sample/025f8c57aeed8e8d618ccae3fd094e945af54279fcf45655facf9de539ebce22/,Si,https://www.virustotal.com/gui/file/025f8c57aeed8e8d618ccae3fd094e945af54279fcf45655facf9de539ebce22,,,Linux / ELF,,,2026-01-15 01:34:45,.i,18720,"elf, Hajime",abuse_ch
164,Hajime,2026,bff18a0246ac8adc81b4a178356bf091,771cbb59fc696de3edca6e3d95f43bbf316b4f86,d349142ed73ca26e8884192cb2b8443e5f56f7e20402033f137897eef0b3ba59,https://bazaar.abuse.ch/sample/d349142ed73ca26e8884192cb2b8443e5f56f7e20402033f137897eef0b3ba59/,Si,https://www.virustotal.com/gui/file/d349142ed73ca26e8884192cb2b8443e5f56f7e20402033f137897eef0b3ba59,,,Linux / ELF,,,2026-01-21 09:01:43,.i,73872,"elf, Hajime",abuse_ch
165,Hajime,2026,5bc8bc84f885c9b4900d168bfb9903bb,ba423474ce5677b84348de8a3be3b594c68fe000,a8026d55d63e81be3a406171523230a83b2d301f79ef3d35ab3084906e782da7,https://bazaar.abuse.ch/sample/a8026d55d63e81be3a406171523230a83b2d301f79ef3d35ab3084906e782da7/,Si,https://www.virustotal.com/gui/file/a8026d55d63e81be3a406171523230a83b2d301f79ef3d35ab3084906e782da7,,,Linux / ELF,,,2026-01-23 14:01:40,.i,25960,"elf, Hajime",abuse_ch
166,Hajime,2026,8d32829832132f768fec1bbc1eebfdee,3a57576235144d8572937f29d469a99da85533f9,eefe0051050c3b4659220649fc9ca74c27d86c0afc3c9f99801e5b11c07146ab,https://bazaar.abuse.ch/sample/eefe0051050c3b4659220649fc9ca74c27d86c0afc3c9f99801e5b11c07146ab/,Si,https://www.virustotal.com/gui/file/eefe0051050c3b4659220649fc9ca74c27d86c0afc3c9f99801e5b11c07146ab,,,Linux / ELF,,,2026-01-24 11:47:40,.i,59708,"elf, Hajime",abuse_ch
167,Hajime,2026,994c3e04fe58593294c8ec797d0d0969,3b3ced423fccd16dbcf5f54accaad51de8e77d8e,e913d614e7f8ade37dfd870596024efae10359a236aaaa0f01392cd635a9c2dd,https://bazaar.abuse.ch/sample/e913d614e7f8ade37dfd870596024efae10359a236aaaa0f01392cd635a9c2dd/,Si,https://www.virustotal.com/gui/file/e913d614e7f8ade37dfd870596024efae10359a236aaaa0f01392cd635a9c2dd,,,Linux / ELF,,,2026-01-24 11:49:39,.i,26960,"elf, Hajime",abuse_ch
168,Hajime,2026,253c7fd4c185d42ddce10f8cdabaeb89,74ef326354a14004bf5fcc3d9120b83f8f2b2a0b,b4cbedd88f82dc2f93a4424b147be9a84c3daee6098dc742f68582a82786b056,https://bazaar.abuse.ch/sample/b4cbedd88f82dc2f93a4424b147be9a84c3daee6098dc742f68582a82786b056/,Si,https://www.virustotal.com/gui/file/b4cbedd88f82dc2f93a4424b147be9a84c3daee6098dc742f68582a82786b056,,,Linux / ELF,,,2026-01-25 00:08:38,.i,12492,"elf, Hajime",abuse_ch
169,Hajime,2026,2df2fc18a312864aa8e792ce61f97b1f,4084853773b6aac26899222d9cc6d8586f5bdae3,c2afb4d7beeecf012db64b898e70d741d2f211158f97f44d2c910e118a1aa7aa,https://bazaar.abuse.ch/sample/c2afb4d7beeecf012db64b898e70d741d2f211158f97f44d2c910e118a1aa7aa/,Si,https://www.virustotal.com/gui/file/c2afb4d7beeecf012db64b898e70d741d2f211158f97f44d2c910e118a1aa7aa,,,Linux / ELF,,,2026-01-25 09:59:49,.i,48528,"elf, Hajime",abuse_ch
170,Hajime,2026,d43f704d9bafe92f054cce15636d7141,f7b9bef93b23fd19366ef94e5183d9c26da75c86,c7e19cfc6af0153bca47b0f42871163d2c8c89c6c693267fb760f4e89c38bb0a,https://bazaar.abuse.ch/sample/c7e19cfc6af0153bca47b0f42871163d2c8c89c6c693267fb760f4e89c38bb0a/,Si,https://www.virustotal.com/gui/file/c7e19cfc6af0153bca47b0f42871163d2c8c89c6c693267fb760f4e89c38bb0a,,,Linux / ELF,,,2026-02-02 06:19:32,.i,39092,"elf, Hajime",abuse_ch
171,Hajime,2026,a604119d16c8381124730c79cc844964,8bceb1235220b39ead825f4e1d13130bcef7cdcc,434fa28d4e8e1a113579214fb15a43909b8c068f01beec16a9d8ae363de6cf4e,https://bazaar.abuse.ch/sample/434fa28d4e8e1a113579214fb15a43909b8c068f01beec16a9d8ae363de6cf4e/,Si,https://www.virustotal.com/gui/file/434fa28d4e8e1a113579214fb15a43909b8c068f01beec16a9d8ae363de6cf4e,,,Linux / ELF,,,2026-02-09 06:42:04,i,34960,"elf, Hajime",abuse_ch
172,Hajime,2026,8b00a1e0849bce17af99d7b7fc018084,df9accc0d662d4dc152fef0b821aff14052ab0a1,4c020214d0411f2b4fc632451f19955d39f72c846b7ea357a05df777123b3728,https://bazaar.abuse.ch/sample/4c020214d0411f2b4fc632451f19955d39f72c846b7ea357a05df777123b3728/,Si,https://www.virustotal.com/gui/file/4c020214d0411f2b4fc632451f19955d39f72c846b7ea357a05df777123b3728,,,Linux / ELF,,,2026-02-14 18:41:20,i,67728,"elf, Hajime",abuse_ch
173,Hajime,2026,545134facd8895dd8ac9487f023f4e80,5c53e991aef65f352e334fce0375e1e6ac92dc7f,2dd81bd16e851c6c22d5be7581ff3c9cb437be81f3a3cc6e73263df4102fbdb2,https://bazaar.abuse.ch/sample/2dd81bd16e851c6c22d5be7581ff3c9cb437be81f3a3cc6e73263df4102fbdb2/,Si,https://www.virustotal.com/gui/file/2dd81bd16e851c6c22d5be7581ff3c9cb437be81f3a3cc6e73263df4102fbdb2,,,Linux / ELF,,,2026-02-17 20:09:46,i,77024,"elf, Hajime",abuse_ch
174,Hajime,2026,0ae2b2bc961484e2c0ef5d1635bbee36,29ad57e2df6a9bd2f6cd97030ccf9377e8bdbdea,777d96d6b2d12ad13c6972ce8cafa2f64de72157e8a352c689a0c048df3bc5b5,https://bazaar.abuse.ch/sample/777d96d6b2d12ad13c6972ce8cafa2f64de72157e8a352c689a0c048df3bc5b5/,Si,https://www.virustotal.com/gui/file/777d96d6b2d12ad13c6972ce8cafa2f64de72157e8a352c689a0c048df3bc5b5,,,Linux / ELF,,,2026-02-20 12:33:22,i,74368,"elf, Hajime",abuse_ch
175,Hajime,2026,3176d08b3ec7422274fb80635d7ebe2b,44e263df7c77459c7a5adea62a70612826b341b4,10ba901eea6044acb21d5c4a5127480e3e42b1d7c7d00d5df3ff7aa11cb54778,https://bazaar.abuse.ch/sample/10ba901eea6044acb21d5c4a5127480e3e42b1d7c7d00d5df3ff7aa11cb54778/,Si,https://www.virustotal.com/gui/file/10ba901eea6044acb21d5c4a5127480e3e42b1d7c7d00d5df3ff7aa11cb54778,,,Linux / ELF,,,2026-02-22 07:39:21,.i,29656,"elf, Hajime",abuse_ch
176,Hajime,2026,fcdf34b519da5a9ba337ea1a51c96e68,94263827cf30fd19f0a951c0dbc87c7cb7b3a940,de15bcebccc0c63a2616fd6e4d64868caea1c36c88ffd343974c629a2f28957e,https://bazaar.abuse.ch/sample/de15bcebccc0c63a2616fd6e4d64868caea1c36c88ffd343974c629a2f28957e/,Si,https://www.virustotal.com/gui/file/de15bcebccc0c63a2616fd6e4d64868caea1c36c88ffd343974c629a2f28957e,,,Linux / ELF,,,2026-02-24 16:54:19,.i,18872,"elf, Hajime",abuse_ch
177,Hajime,2026,f79348bfcbe1e04eba21ef41ce85846c,4ea2210357483b16e9944f55e458b85fd552785e,041331a7f8ee39d151eaf454f0ded5f1d40da4210f2b9ae6d0ad1b7d9a89409f,https://bazaar.abuse.ch/sample/041331a7f8ee39d151eaf454f0ded5f1d40da4210f2b9ae6d0ad1b7d9a89409f/,Si,https://www.virustotal.com/gui/file/041331a7f8ee39d151eaf454f0ded5f1d40da4210f2b9ae6d0ad1b7d9a89409f,,,Linux / ELF,,,2026-03-03 07:46:23,.i,22916,"elf, Hajime",abuse_ch
178,Hajime,2026,9274789998e8f74b7bf110e7edf7a8f1,0d63791c7d6364dab9d5df568e9144429b9ef076,6512a40b4b577e7af2f2166719379ad4f6049322c4dea97dfb5cedb9718db27a,https://bazaar.abuse.ch/sample/6512a40b4b577e7af2f2166719379ad4f6049322c4dea97dfb5cedb9718db27a/,Si,https://www.virustotal.com/gui/file/6512a40b4b577e7af2f2166719379ad4f6049322c4dea97dfb5cedb9718db27a,,,Linux / ELF,,,2026-03-03 12:24:39,i,79836,"Hajime, mirai",adliwahid
179,Hajime,2026,3c49789f554b996bd6208d0298b77de8,265e66b1f4f48651dbb2c10c28f4feb50cf4ea5a,f60a839b4bce2e10008b55d7913afc3fbeb37093cdea6dfa6e0e3e6af5af0ea4,https://bazaar.abuse.ch/sample/f60a839b4bce2e10008b55d7913afc3fbeb37093cdea6dfa6e0e3e6af5af0ea4/,Si,https://www.virustotal.com/gui/file/f60a839b4bce2e10008b55d7913afc3fbeb37093cdea6dfa6e0e3e6af5af0ea4,,,Linux / ELF,,,2026-03-04 08:28:52,.i,37476,"elf, Hajime",abuse_ch
180,Hajime,2026,c354d0e5fb67cded7c33968b8cccc9f4,d07144e633f2de6a488aabaa4e34977609902f4e,68f15087e64bd08ec305a99ee9c2f0ab16a24b28948b5e71841622ed67da67b0,https://bazaar.abuse.ch/sample/68f15087e64bd08ec305a99ee9c2f0ab16a24b28948b5e71841622ed67da67b0/,Si,https://www.virustotal.com/gui/file/68f15087e64bd08ec305a99ee9c2f0ab16a24b28948b5e71841622ed67da67b0,,,Linux / ELF,,,2026-03-08 14:12:41,.i,17524,"elf, Hajime",abuse_ch
181,Hajime,2026,f66a7576b06410e2e076a707a9b5adb8,b69797a18902faae580a512bcc3cf7b24967cce3,79c7c57600290bf10ec9cf82891b03750e49161e7d662a51e8167d93f99e4a04,https://bazaar.abuse.ch/sample/79c7c57600290bf10ec9cf82891b03750e49161e7d662a51e8167d93f99e4a04/,Si,https://www.virustotal.com/gui/file/79c7c57600290bf10ec9cf82891b03750e49161e7d662a51e8167d93f99e4a04,,,Linux / ELF,,,2026-03-09 09:17:52,.i,25612,"elf, Hajime",abuse_ch
182,Hajime,2026,7d2279446caad52f8d5c771e43105fb6,5e3674d3c66c2c14a6004316da5124a0c5cb8b2d,fd6dd4a25fa4451d936e388e9240e48b381fe08018d8f31f1024ae54679827e5,https://bazaar.abuse.ch/sample/fd6dd4a25fa4451d936e388e9240e48b381fe08018d8f31f1024ae54679827e5/,Si,https://www.virustotal.com/gui/file/fd6dd4a25fa4451d936e388e9240e48b381fe08018d8f31f1024ae54679827e5,,,Linux / ELF,,,2026-03-09 15:15:11,.i,14828,"elf, Hajime",abuse_ch
183,Hajime,2026,4658bbf64f1cebb46451626601c73f2b,ccea841b530a8c9a94a6a594d825cc1fd714ad2e,9ed88743fe9481454ea6d030dac74ff8bca4883dec40b1e77180061c9226d3a3,https://bazaar.abuse.ch/sample/9ed88743fe9481454ea6d030dac74ff8bca4883dec40b1e77180061c9226d3a3/,Si,https://www.virustotal.com/gui/file/9ed88743fe9481454ea6d030dac74ff8bca4883dec40b1e77180061c9226d3a3,,,Linux / ELF,,,2026-03-18 14:41:22,.i,72318,"elf, Hajime",abuse_ch
184,Hajime,2026,49a144fe80d60d7d1401188132806a39,0f49f32fead94599fdf8a32f71c902643ffc41cb,d018d375f8bbbb951295ee417c526d266bba9c5f4bf51a953a08395fb612ae3b,https://bazaar.abuse.ch/sample/d018d375f8bbbb951295ee417c526d266bba9c5f4bf51a953a08395fb612ae3b/,Si,https://www.virustotal.com/gui/file/d018d375f8bbbb951295ee417c526d266bba9c5f4bf51a953a08395fb612ae3b,,,Linux / ELF,,,2026-03-21 09:22:56,i,69580,"elf, Hajime",abuse_ch
185,Hajime,2026,1b481bce293e69c64615c3892bb8bf02,8e2a6efde07a116b61dda90eacd6d62c2c6fddb9,c60ebb9e82e45561076cd3724dc1789e6e82c7b6823ac52a0d1cc453d558021d,https://bazaar.abuse.ch/sample/c60ebb9e82e45561076cd3724dc1789e6e82c7b6823ac52a0d1cc453d558021d/,Si,https://www.virustotal.com/gui/file/c60ebb9e82e45561076cd3724dc1789e6e82c7b6823ac52a0d1cc453d558021d,,,Linux / ELF,,,2026-03-21 14:56:43,i,80940,"elf, Hajime",abuse_ch
186,Hajime,2026,ac8524c75f109c5b9c0a89ca01d1a6f9,a7bf98452425ba7cee6ecc0283d8b69c30d797d5,6fb391ff4f585925c0f40c8f9e6b69a00110b6295fcacb7a636c9a39c3924299,https://bazaar.abuse.ch/sample/6fb391ff4f585925c0f40c8f9e6b69a00110b6295fcacb7a636c9a39c3924299/,Si,https://www.virustotal.com/gui/file/6fb391ff4f585925c0f40c8f9e6b69a00110b6295fcacb7a636c9a39c3924299,,,Linux / ELF,,,2026-03-21 21:15:06,i,58220,"elf, Hajime",abuse_ch
187,Hajime,2026,e3d547bd6b3e194c104f59d012fe295a,2943582ede8f9407cd4a2caa7294c2b9be2b29d1,a8f35a473cce881a9663399251eb8ec59f3260fbf409e2997f1d93612fd45f37,https://bazaar.abuse.ch/sample/a8f35a473cce881a9663399251eb8ec59f3260fbf409e2997f1d93612fd45f37/,Si,https://www.virustotal.com/gui/file/a8f35a473cce881a9663399251eb8ec59f3260fbf409e2997f1d93612fd45f37,,,Linux / ELF,,,2026-03-22 02:56:12,.i,21568,"elf, Hajime",abuse_ch
188,Hajime,2026,a4f2d8681838a2f48d30a74e8a3f0df2,c7d17cab7e89dceb14c8d0097262873db7b492b2,3fc18bd6261a5e997f18125deaae736f9387b92fda01668838c7feb7d784197b,https://bazaar.abuse.ch/sample/3fc18bd6261a5e997f18125deaae736f9387b92fda01668838c7feb7d784197b/,Si,https://www.virustotal.com/gui/file/3fc18bd6261a5e997f18125deaae736f9387b92fda01668838c7feb7d784197b,,,Linux / ELF,,,2026-03-26 21:40:27,.i,46464,"elf, Hajime",abuse_ch
189,Hajime,2026,87b2f785a003e85ca75ca3b07f94c89e,7c92b6b63edd3e5b52d622c98af73375b37e9b75,c8864a6db3f2fc370968e2cc6216f19b6d469a438f365143ba80e4b1f0a58694,https://bazaar.abuse.ch/sample/c8864a6db3f2fc370968e2cc6216f19b6d469a438f365143ba80e4b1f0a58694/,Si,https://www.virustotal.com/gui/file/c8864a6db3f2fc370968e2cc6216f19b6d469a438f365143ba80e4b1f0a58694,,,Linux / ELF,,,2026-03-27 07:50:11,wlan.arm6,1860976,"elf, Hajime, UPX",abuse_ch
190,Hajime,2026,d6da2e2d4911a5470759b27dcb5b98f5,b87c0ed29e584cc94e63addfbb6ef3c95e6fae0d,9e9f35c6f25de8af36179c4679225864de31a6bc38429531a641abbef82edf61,https://bazaar.abuse.ch/sample/9e9f35c6f25de8af36179c4679225864de31a6bc38429531a641abbef82edf61/,Si,https://www.virustotal.com/gui/file/9e9f35c6f25de8af36179c4679225864de31a6bc38429531a641abbef82edf61,,,Linux / ELF,,,2026-03-30 06:55:19,mozi.a,76584,"Hajime, mirai",adliwahid
191,Hajime,2026,b5a0f760908852c4cf85dc51112f3def,5a5399520cdd589decd710e46466b54104b0eb9b,81b00a1fa1258c7c961745a948c0e86c0361730a875d40c0f831302f719d5a5d,https://bazaar.abuse.ch/sample/81b00a1fa1258c7c961745a948c0e86c0361730a875d40c0f831302f719d5a5d/,Si,https://www.virustotal.com/gui/file/81b00a1fa1258c7c961745a948c0e86c0361730a875d40c0f831302f719d5a5d,,,Linux / ELF,,,2026-04-04 11:39:37,config,77832,Hajime,adliwahid
192,Hajime,2026,0434ee67b69a9189bd11ced779a17c6f,37a5c5a0c79b22db30f12eff57ad36af99ea8a57,7a555055be675d93e8ad1ce7061acb222c383708f148f31c50b0cdda9da0ced9,https://bazaar.abuse.ch/sample/7a555055be675d93e8ad1ce7061acb222c383708f148f31c50b0cdda9da0ced9/,Si,https://www.virustotal.com/gui/file/7a555055be675d93e8ad1ce7061acb222c383708f148f31c50b0cdda9da0ced9,,,Linux / ELF,,,2026-04-11 18:22:35,i,12942,"elf, Hajime",abuse_ch
193,Hajime,2026,1c6b54ec36151af2d2a1d85a6fb442ca,fa4f638262e0467a13cd1dab5a303657560d03ea,130558bf6046130b0a48d0e9df6f2f9e3648afede53a86c03ffb61b34013c802,https://bazaar.abuse.ch/sample/130558bf6046130b0a48d0e9df6f2f9e3648afede53a86c03ffb61b34013c802/,Si,https://www.virustotal.com/gui/file/130558bf6046130b0a48d0e9df6f2f9e3648afede53a86c03ffb61b34013c802,,,Linux / ELF,,,2026-04-13 04:37:04,.i,52096,"elf, Hajime",abuse_ch
194,Hajime,2026,953be36e4224e5b4a2413872ceb0394c,9a72dc006137344bef0d48a1ad89a24bf5fba715,a5a22c8e51f0d2a7d06439660762372669f7b4f62a2e541f34effaa1d9c6db7c,https://bazaar.abuse.ch/sample/a5a22c8e51f0d2a7d06439660762372669f7b4f62a2e541f34effaa1d9c6db7c/,Si,https://www.virustotal.com/gui/file/a5a22c8e51f0d2a7d06439660762372669f7b4f62a2e541f34effaa1d9c6db7c,,,Linux / ELF,,,2026-04-21 01:04:18,config,78592,"Hajime, mirai",adliwahid
195,Hajime,2026,668b7f18d9b6621bd513c90bcc44a0f8,9b5272c78fe813beda4f6e98243d7d33617aa3f0,40400f751e3cce7d479fc6de1e081219905f206f2ba0505ed41b52325eb4cc69,https://bazaar.abuse.ch/sample/40400f751e3cce7d479fc6de1e081219905f206f2ba0505ed41b52325eb4cc69/,Si,https://www.virustotal.com/gui/file/40400f751e3cce7d479fc6de1e081219905f206f2ba0505ed41b52325eb4cc69,,,Linux / ELF,,,2026-04-21 01:04:21,Mozi.a,80178,"Hajime, mirai",adliwahid
196,Kaiji,2025,b06f1776f4a9c05cc3fbc43fcf9f80ae,4bede17b51d5d49e3e89e7a773080b8b9ae90c7c,f2182860c207d422afb1d924e737074f02370ef7f09a6be8d92c69f7057239f0,https://bazaar.abuse.ch/sample/f2182860c207d422afb1d924e737074f02370ef7f09a6be8d92c69f7057239f0/,Si,https://www.virustotal.com/gui/file/f2182860c207d422afb1d924e737074f02370ef7f09a6be8d92c69f7057239f0,,,Linux / ELF,,,2025-10-11 21:33:26,linux_aarch64,2031616,"elf, kaiji",abuse_ch
197,Kaiji,2025,89089a1044c083ef24acf342602d6264,8dc38a6d042e1fb803fcbac097a6dfc696113540,c22a16aabf076a52cb1f7f58ce22597421e1398158003c3089011ac22edaca99,https://bazaar.abuse.ch/sample/c22a16aabf076a52cb1f7f58ce22597421e1398158003c3089011ac22edaca99/,Si,https://www.virustotal.com/gui/file/c22a16aabf076a52cb1f7f58ce22597421e1398158003c3089011ac22edaca99,,,Linux / ELF,,,2025-10-11 21:33:28,linux_arm7,2097152,"elf, kaiji",abuse_ch
198,Kaiji,2025,f0d75f49617adb7b978b4f66fa679e36,7dd785cc34aa211d9a4d80bd63f64198ec2b8c03,e7339d52347171938476bbc4dffb2972f45cf24718f7ff081969cb93eac2a511,https://bazaar.abuse.ch/sample/e7339d52347171938476bbc4dffb2972f45cf24718f7ff081969cb93eac2a511/,Si,https://www.virustotal.com/gui/file/e7339d52347171938476bbc4dffb2972f45cf24718f7ff081969cb93eac2a511,,,Linux / ELF,,,2025-10-11 21:33:30,linux_mips,2293760,"elf, kaiji",abuse_ch
199,Kaiji,2025,7944c4cb6ad7d9e5267eb106830afba8,f0c0c485e11f69dc936f727dfdff871a4f15f6cc,d59be967fef9706edce7f7494644b5670ea478adc15c8b367cdaad205f86d03a,https://bazaar.abuse.ch/sample/d59be967fef9706edce7f7494644b5670ea478adc15c8b367cdaad205f86d03a/,Si,https://www.virustotal.com/gui/file/d59be967fef9706edce7f7494644b5670ea478adc15c8b367cdaad205f86d03a,,,Linux / ELF,,,2025-10-11 21:34:42,linux_386,1916928,"elf, kaiji",abuse_ch
200,Kaiji,2025,10d3e39b36556eb096c9ec6c5e432e5d,317fafc111a66b3a63d1043f140ee932e356732e,33e0d182a16513a504e81a9d5ae51b0c1a4305d403c1f13f97d1da98635a6768,https://bazaar.abuse.ch/sample/33e0d182a16513a504e81a9d5ae51b0c1a4305d403c1f13f97d1da98635a6768/,Si,https://www.virustotal.com/gui/file/33e0d182a16513a504e81a9d5ae51b0c1a4305d403c1f13f97d1da98635a6768,,,Linux / ELF,,,2025-10-11 21:34:44,linux_arm5,2097152,"elf, kaiji",abuse_ch
201,Kaiji,2025,2794f00ff72b9a04dfb277490b91f7c9,234cbf97e85d747feb005c5d61dad0d55cbe79b6,0cbe136936be1de5ae6f06db325640df74de679a291864e2851abf41421a3f3d,https://bazaar.abuse.ch/sample/0cbe136936be1de5ae6f06db325640df74de679a291864e2851abf41421a3f3d/,Si,https://www.virustotal.com/gui/file/0cbe136936be1de5ae6f06db325640df74de679a291864e2851abf41421a3f3d,,,Linux / ELF,,,2025-10-11 21:34:45,linux_mipsel,2293760,"elf, kaiji",abuse_ch
202,Kaiji,2025,4ac239b2bb8d8444e767f348e7795aa3,a4a37ecbac74762f96bfe58e10a9e09548b4ee28,2292b4e14bc6de87cd65976b4c7567b07ced423bcd208d0d62a6e5c5fd564cfb,https://bazaar.abuse.ch/sample/2292b4e14bc6de87cd65976b4c7567b07ced423bcd208d0d62a6e5c5fd564cfb/,Si,https://www.virustotal.com/gui/file/2292b4e14bc6de87cd65976b4c7567b07ced423bcd208d0d62a6e5c5fd564cfb,,,Linux / ELF,,,2025-10-11 21:34:48,linux_amd64,2011136,"elf, kaiji",abuse_ch
203,Kaiji,2025,419c15692bbadba8be7ca021d44a98e6,da6e02b4200526a58e818cdacf56ba6f27353ba3,34c703089b902c44186e80a3f85f78f61006894cd4183d0e40657faf70af7457,https://bazaar.abuse.ch/sample/34c703089b902c44186e80a3f85f78f61006894cd4183d0e40657faf70af7457/,Si,https://www.virustotal.com/gui/file/34c703089b902c44186e80a3f85f78f61006894cd4183d0e40657faf70af7457,,,Linux / ELF,,,2025-10-13 03:57:58,linux_mipsel_softfloat,5898240,"elf, kaiji",abuse_ch
204,Kaiji,2025,0bb5e95eb8f21ab4b805f191080bef32,fa7b5ea46b2de533d55121ca07c2c0d23bd2ae86,06bef788e1c9bf9881d7bc2958b7c1f68865648fa66e33fa8694513b49e7dc7d,https://bazaar.abuse.ch/sample/06bef788e1c9bf9881d7bc2958b7c1f68865648fa66e33fa8694513b49e7dc7d/,Si,https://www.virustotal.com/gui/file/06bef788e1c9bf9881d7bc2958b7c1f68865648fa66e33fa8694513b49e7dc7d,,,Linux / ELF,,,2025-10-13 05:08:33,linux_mips64el,5963776,"elf, kaiji",abuse_ch
205,Kaiji,2025,6baff5e3ee01b750078956dffd9eb928,2fb1b08b06692c9d3a818c0b597e2fb87c5d339e,b864c427381ffb345f61a9e5b7aff2c30fcfac420a14d7ae0de5567f60f2d5d4,https://bazaar.abuse.ch/sample/b864c427381ffb345f61a9e5b7aff2c30fcfac420a14d7ae0de5567f60f2d5d4/,Si,https://www.virustotal.com/gui/file/b864c427381ffb345f61a9e5b7aff2c30fcfac420a14d7ae0de5567f60f2d5d4,,,Linux / ELF,,,2025-10-13 05:13:35,linux_mips,5898240,"elf, kaiji",abuse_ch
206,Kaiji,2025,97c29618118bf9dd08c90abe02cc71b5,5bc7033be5c0ebd18137b415e0627b8f4263080d,8d516f87e7e66b9f4cd51e9cc539c6296698f5d22d7e12735571b3ca02360669,https://bazaar.abuse.ch/sample/8d516f87e7e66b9f4cd51e9cc539c6296698f5d22d7e12735571b3ca02360669/,Si,https://www.virustotal.com/gui/file/8d516f87e7e66b9f4cd51e9cc539c6296698f5d22d7e12735571b3ca02360669,,,Linux / ELF,,,2025-10-13 05:35:42,linux_arm7,5308416,"elf, kaiji",abuse_ch
207,Kaiji,2025,0ff72d3d2bb82b08877c9d5084f33b73,8e5c34a2103366ab7b57605ff6e6d8447a4fe435,c8db880706a59cb6d38ad0701d962894a31a1cdc02860d242d39ad0b14f39607,https://bazaar.abuse.ch/sample/c8db880706a59cb6d38ad0701d962894a31a1cdc02860d242d39ad0b14f39607/,Si,https://www.virustotal.com/gui/file/c8db880706a59cb6d38ad0701d962894a31a1cdc02860d242d39ad0b14f39607,,,Linux / ELF,,,2025-10-13 05:45:58,linux_arm5,5308416,"elf, kaiji",abuse_ch
208,Kaiji,2025,340c58e86eb1f64c1f976a56c717729a,c5b31fef3f2f090a2ffe940151a09de1a254a814,0bc42707825f1810a059ce5a7f1d7b0531bec21a20582abb7f3a619beae2e8ac,https://bazaar.abuse.ch/sample/0bc42707825f1810a059ce5a7f1d7b0531bec21a20582abb7f3a619beae2e8ac/,Si,https://www.virustotal.com/gui/file/0bc42707825f1810a059ce5a7f1d7b0531bec21a20582abb7f3a619beae2e8ac,,,Linux / ELF,,,2025-10-13 06:52:50,linux_amd64,5435392,"elf, kaiji",abuse_ch
209,Kaiji,2025,61a00c9a2e15bfc31c54da66c3c97a2e,55aaf2f73a89969dc87f2b3d7e168dc923f246dc,0b6afd80b86f121ce1bc892df6ab1c206493c52e3e46f4136980620a867007f0,https://bazaar.abuse.ch/sample/0b6afd80b86f121ce1bc892df6ab1c206493c52e3e46f4136980620a867007f0/,Si,https://www.virustotal.com/gui/file/0b6afd80b86f121ce1bc892df6ab1c206493c52e3e46f4136980620a867007f0,,,Linux / ELF,,,2025-10-13 07:58:48,linux_arm6,5308416,"elf, kaiji",abuse_ch
210,Kaiji,2025,0700826bf650d267aeeb66ded5aa612c,8c74c36c5b5c03aa0e07f4115b73a7f02ff2986c,6dfad243ca45c3258529d541475edac62d79046cb9b756a8a289688103ddc379,https://bazaar.abuse.ch/sample/6dfad243ca45c3258529d541475edac62d79046cb9b756a8a289688103ddc379/,Si,https://www.virustotal.com/gui/file/6dfad243ca45c3258529d541475edac62d79046cb9b756a8a289688103ddc379,,,Linux / ELF,,,2025-10-13 09:24:56,linux_mips64,5963776,"elf, kaiji",abuse_ch
211,Kaiji,2025,49b15a1dfce3a1ccd058908fa8e30dea,6a5747134dbc4f158faebb31ae8578f2a93f281e,91f42186d8806e0001ab75c3ed40bb28abd8deafec2c0730748deec0b1c4787a,https://bazaar.abuse.ch/sample/91f42186d8806e0001ab75c3ed40bb28abd8deafec2c0730748deec0b1c4787a/,Si,https://www.virustotal.com/gui/file/91f42186d8806e0001ab75c3ed40bb28abd8deafec2c0730748deec0b1c4787a,,,Linux / ELF,,,2025-10-13 16:19:42,linux_mips_softfloat,5898240,"elf, kaiji",abuse_ch
212,Kaiji,2025,01391b841a546f2282f66e25445cfeca,05591ec7f542a8d9c16dab51432cc8cb4300f91a,f23d28bda11c6c84a409123cda2dd3753a9912860bcebfc8721cc63e5e2362ed,https://bazaar.abuse.ch/sample/f23d28bda11c6c84a409123cda2dd3753a9912860bcebfc8721cc63e5e2362ed/,Si,https://www.virustotal.com/gui/file/f23d28bda11c6c84a409123cda2dd3753a9912860bcebfc8721cc63e5e2362ed,,,Linux / ELF,,,2025-10-14 09:37:51,linux_386,5251072,"elf, kaiji",abuse_ch
213,Kaiji,2025,b54b06c4ef69c528e7ed9b772a348a7e,d6892ffedbfc9872a68858439d464dc8f9003c6c,ec261047881518e03fce16cdef5db214d0e55d1a4dfbe03f8af2ec82b6e733d4,https://bazaar.abuse.ch/sample/ec261047881518e03fce16cdef5db214d0e55d1a4dfbe03f8af2ec82b6e733d4/,Si,https://www.virustotal.com/gui/file/ec261047881518e03fce16cdef5db214d0e55d1a4dfbe03f8af2ec82b6e733d4,,,Linux / ELF,,,2025-10-14 10:20:46,linux_ppc64el,5111808,"elf, kaiji",abuse_ch
214,Kaiji,2025,a9b9a87245c45a4e53e309da77da9e48,f3556abd9227a60396b2a49c383410f6ac1b82c5,94cbe0c5b65f72f3cdd9f4a1bf7f76272e78c0ca26a6ed0ccfd20b7a47eb0e74,https://bazaar.abuse.ch/sample/94cbe0c5b65f72f3cdd9f4a1bf7f76272e78c0ca26a6ed0ccfd20b7a47eb0e74/,Si,https://www.virustotal.com/gui/file/94cbe0c5b65f72f3cdd9f4a1bf7f76272e78c0ca26a6ed0ccfd20b7a47eb0e74,,,Linux / ELF,,,2025-10-14 10:35:15,linux_arm64,5177344,"elf, kaiji",abuse_ch
215,Kaiji,2025,6cf28a795cb02b34365ad1e6540d38e2,6cdf5854e951a7c5db638ae1e59c8cc00deffadc,a136c4915efe82e13a6d1c3447d47dee46bc31911ed9756b23050709656ef043,https://bazaar.abuse.ch/sample/a136c4915efe82e13a6d1c3447d47dee46bc31911ed9756b23050709656ef043/,Si,https://www.virustotal.com/gui/file/a136c4915efe82e13a6d1c3447d47dee46bc31911ed9756b23050709656ef043,,,Linux / ELF,,,2025-10-15 08:19:29,linux_mipsel,5898240,"elf, kaiji",abuse_ch
216,Kaiji,2025,a3f9b8092f6a3e7fbe0c89915f59a8e9,380dddcbe8882e4018a1914820aa1c56ffb8804d,67485dee9af527bfe02b5aa8c453683ef751612de7d4c5a6f662b079ca202972,https://bazaar.abuse.ch/sample/67485dee9af527bfe02b5aa8c453683ef751612de7d4c5a6f662b079ca202972/,Si,https://www.virustotal.com/gui/file/67485dee9af527bfe02b5aa8c453683ef751612de7d4c5a6f662b079ca202972,,,Linux / ELF,,,2025-10-15 12:04:35,linux_ppc64,5111808,"elf, kaiji",abuse_ch
217,Kaiji,2025,4b3e139c122df9fbc08442b7823ebde9,743f7ad2d7802a1f951899d6175df69622e51846,e76f54b7b98ba3a08f39392e6886a9cb3e97d57b8a076e6b948968d0be392ed8,https://bazaar.abuse.ch/sample/e76f54b7b98ba3a08f39392e6886a9cb3e97d57b8a076e6b948968d0be392ed8/,Si,https://www.virustotal.com/gui/file/e76f54b7b98ba3a08f39392e6886a9cb3e97d57b8a076e6b948968d0be392ed8,,,Linux / ELF,,,2025-11-13 18:36:46,linux_amd64,5435392,"elf, kaiji",abuse_ch
218,Kaiji,2025,6915dad2b38de35ee8923b512f59621f,560cd8cf0a1c11578bfdb740def91ad4375d3a59,baae36011a8074c172adec2a6b408621408a3e0bfcd6fca3d586d6164ad18831,https://bazaar.abuse.ch/sample/baae36011a8074c172adec2a6b408621408a3e0bfcd6fca3d586d6164ad18831/,Si,https://www.virustotal.com/gui/file/baae36011a8074c172adec2a6b408621408a3e0bfcd6fca3d586d6164ad18831,,,Linux / ELF,,,2025-11-13 18:36:48,linux_arm5,5308416,"elf, kaiji",abuse_ch
219,Kaiji,2025,6ea1b676fa43cef4b4fec206814f4015,7fb26b7c7899dff07c4cc1a7adcaf531c44d2654,dcbffd23def39cd876f255bdd22a4aa7725fffb997ff4d0afb2ed47e5734794b,https://bazaar.abuse.ch/sample/dcbffd23def39cd876f255bdd22a4aa7725fffb997ff4d0afb2ed47e5734794b/,Si,https://www.virustotal.com/gui/file/dcbffd23def39cd876f255bdd22a4aa7725fffb997ff4d0afb2ed47e5734794b,,,Linux / ELF,,,2025-11-13 18:36:49,linux_ppc64,5111808,"elf, kaiji",abuse_ch
220,Kaiji,2025,949b041227374c2f598867f3bd2ed139,7459f84db70a6635b38f4d94f5011eceb6f369ca,719c9b7ed5d84ebfd5d4493d490468cf1bde46980b052a3f170441830ea04e1d,https://bazaar.abuse.ch/sample/719c9b7ed5d84ebfd5d4493d490468cf1bde46980b052a3f170441830ea04e1d/,Si,https://www.virustotal.com/gui/file/719c9b7ed5d84ebfd5d4493d490468cf1bde46980b052a3f170441830ea04e1d,,,Linux / ELF,,,2025-11-13 18:36:51,linux_ppc64el,5111808,"elf, kaiji",abuse_ch
221,Kaiji,2025,a5f1b8f3ef8165010c7b12a04bd181d7,68b86b2ee48f6925e5af8feee28888b22adb78b3,9538329d0bd51c977db4e425249ef3fae37554030267e1d847e2b853e4024c0b,https://bazaar.abuse.ch/sample/9538329d0bd51c977db4e425249ef3fae37554030267e1d847e2b853e4024c0b/,Si,https://www.virustotal.com/gui/file/9538329d0bd51c977db4e425249ef3fae37554030267e1d847e2b853e4024c0b,,,Linux / ELF,,,2025-11-13 18:36:53,linux_mips_softfloat,5898240,"elf, kaiji",abuse_ch
222,Kaiji,2025,4af87af1448033729a24432a7e193d0a,e84b291b661eabf74633cae3b934d3d1ec96ae44,e1c7281e3ee8a31a92ca7d19a824656e5562b9083dceb2bceba7f0a50f30dd7b,https://bazaar.abuse.ch/sample/e1c7281e3ee8a31a92ca7d19a824656e5562b9083dceb2bceba7f0a50f30dd7b/,Si,https://www.virustotal.com/gui/file/e1c7281e3ee8a31a92ca7d19a824656e5562b9083dceb2bceba7f0a50f30dd7b,,,Linux / ELF,,,2025-11-13 18:36:55,linux_mips64el_softfloat,5963776,"elf, kaiji",abuse_ch
223,Kaiji,2025,fa97a2bdf3a51b421dd2b5e7a18e7b0d,49ad953aa20d512de3f9b71de3a30b34695adabc,f4d8e5c779b7beaca20dfab39a78fd6db529e7f2766bbf1aca6874f7062e9899,https://bazaar.abuse.ch/sample/f4d8e5c779b7beaca20dfab39a78fd6db529e7f2766bbf1aca6874f7062e9899/,Si,https://www.virustotal.com/gui/file/f4d8e5c779b7beaca20dfab39a78fd6db529e7f2766bbf1aca6874f7062e9899,,,Linux / ELF,,,2025-11-13 18:36:57,linux_arm7,5308416,"elf, kaiji",abuse_ch
224,Kaiji,2025,cb9cda98d934a54039f5ddc6478f7570,c7e0fd1a8cd7da421ef7248e82507077251dbff7,b093507c580536a1178f1b378cb8d3eda12a6f7e76a445765fbd693797171b4a,https://bazaar.abuse.ch/sample/b093507c580536a1178f1b378cb8d3eda12a6f7e76a445765fbd693797171b4a/,Si,https://www.virustotal.com/gui/file/b093507c580536a1178f1b378cb8d3eda12a6f7e76a445765fbd693797171b4a,,,Linux / ELF,,,2025-11-13 18:36:59,linux_arm64,5177344,"elf, kaiji",abuse_ch
225,Kaiji,2025,d60d7b5040b7feb6fae60b8b54ac2642,d3c1f68e44b661db785d6e0341d54b9872b92919,d1470bb91c55cb7e3d6ee37f40497ded7e2d7785a0e95faaa1218a28436ae7c0,https://bazaar.abuse.ch/sample/d1470bb91c55cb7e3d6ee37f40497ded7e2d7785a0e95faaa1218a28436ae7c0/,Si,https://www.virustotal.com/gui/file/d1470bb91c55cb7e3d6ee37f40497ded7e2d7785a0e95faaa1218a28436ae7c0,,,Linux / ELF,,,2025-11-13 18:37:03,linux_mips64_softfloat,5963776,"elf, kaiji",abuse_ch
226,Kaiji,2025,ae7632624cb78e6dadcede7bbf4bbe01,a106a0904c465c48d0b65ccd201d8e7f73c4900f,58dd7ba4f53af5f6a3924a11c9177b78859f7312806ab4c438e43691c9936f07,https://bazaar.abuse.ch/sample/58dd7ba4f53af5f6a3924a11c9177b78859f7312806ab4c438e43691c9936f07/,Si,https://www.virustotal.com/gui/file/58dd7ba4f53af5f6a3924a11c9177b78859f7312806ab4c438e43691c9936f07,,,Linux / ELF,,,2025-11-13 18:37:05,linux_mipsel_softfloat,5898240,"elf, kaiji",abuse_ch
227,Kaiji,2025,97e6cb5cf008908433fb2a6e862b6896,35ee1f68d1e315c0a8dcb2cb7d1a2f50e8332123,371ac4688bbb4949df44f01134a9bb695084870f2c1be44d0cf49589f8b64210,https://bazaar.abuse.ch/sample/371ac4688bbb4949df44f01134a9bb695084870f2c1be44d0cf49589f8b64210/,Si,https://www.virustotal.com/gui/file/371ac4688bbb4949df44f01134a9bb695084870f2c1be44d0cf49589f8b64210,,,Linux / ELF,,,2025-11-13 18:37:07,linux_arm6,5308416,"elf, kaiji",abuse_ch
228,Kaiji,2025,ee9f964de67f7f64ff0d93fabb60d6bb,7562c8aca465a60e541a72ea4ac85483ec655893,5a0989fd8d661e1fe553525ad7ae2305aa8df3caa5dc3aa059322ba7ceaae62e,https://bazaar.abuse.ch/sample/5a0989fd8d661e1fe553525ad7ae2305aa8df3caa5dc3aa059322ba7ceaae62e/,Si,https://www.virustotal.com/gui/file/5a0989fd8d661e1fe553525ad7ae2305aa8df3caa5dc3aa059322ba7ceaae62e,,,Linux / ELF,,,2025-11-13 18:38:28,linux_mips,5898240,"elf, kaiji",abuse_ch
229,Kaiji,2025,2c743f1bef197f97c95fdcb3df479181,2852820e241650804f3e10b0e611b9f25d8dd837,92d3e3dfb85a93f098a8e1de4a62af416aa17f5eca26bd8f40f18ee84156d9cc,https://bazaar.abuse.ch/sample/92d3e3dfb85a93f098a8e1de4a62af416aa17f5eca26bd8f40f18ee84156d9cc/,Si,https://www.virustotal.com/gui/file/92d3e3dfb85a93f098a8e1de4a62af416aa17f5eca26bd8f40f18ee84156d9cc,,,Linux / ELF,,,2025-11-13 18:38:30,linux_386,5251072,"elf, kaiji",abuse_ch
230,Kaiji,2025,c106c1b4c014db8bd8732fed51d2e202,53596b509e8581507a11fbe317f86a5471195b56,20f34550c44f2b3b705c3d08690468b4441267bf7216d8c2861fc9f4466eefca,https://bazaar.abuse.ch/sample/20f34550c44f2b3b705c3d08690468b4441267bf7216d8c2861fc9f4466eefca/,Si,https://www.virustotal.com/gui/file/20f34550c44f2b3b705c3d08690468b4441267bf7216d8c2861fc9f4466eefca,,,Linux / ELF,,,2025-11-13 18:38:32,linux_mipsel,5898240,"elf, kaiji",abuse_ch
231,Kaiji,2026,516c9e53430eded0975095eac83546ac,2da328fe1075c3af685523d833e543950fd3db30,ab4525f80ffbdc65f127760d94ce05b9296a6c62f63f62ff6fac1a922a0a1a21,https://bazaar.abuse.ch/sample/ab4525f80ffbdc65f127760d94ce05b9296a6c62f63f62ff6fac1a922a0a1a21/,Si,https://www.virustotal.com/gui/file/ab4525f80ffbdc65f127760d94ce05b9296a6c62f63f62ff6fac1a922a0a1a21,,,Linux / ELF,,,2026-01-15 18:07:35,linux_mips,2293760,"elf, kaiji",abuse_ch
232,Kaiji,2026,6643b264527c2817cc37e9c01b4bcbc0,f26034dd2b3a7f6c35783620e4919ab8a61bc8a3,08b1ca7ff461d7931cdcbdeb71a22fd67bde07b93607bf2574b7cd666a93ed30,https://bazaar.abuse.ch/sample/08b1ca7ff461d7931cdcbdeb71a22fd67bde07b93607bf2574b7cd666a93ed30/,Si,https://www.virustotal.com/gui/file/08b1ca7ff461d7931cdcbdeb71a22fd67bde07b93607bf2574b7cd666a93ed30,,,Linux / ELF,,,2026-01-15 18:07:36,linux_386,1916928,"elf, kaiji",abuse_ch
233,Kaiji,2026,52b927b9f67b45fe22eaeda848023704,22d4a8a355fa1b9d862128580a1f43b8e5e52256,d77b6eeb506ebd49b1f348eafd01f545cf41df13641a7417bcd8f34bdaa239d6,https://bazaar.abuse.ch/sample/d77b6eeb506ebd49b1f348eafd01f545cf41df13641a7417bcd8f34bdaa239d6/,Si,https://www.virustotal.com/gui/file/d77b6eeb506ebd49b1f348eafd01f545cf41df13641a7417bcd8f34bdaa239d6,,,Linux / ELF,,,2026-01-15 18:07:38,linux_aarch64,2031616,"elf, kaiji",abuse_ch
234,Kaiji,2026,c233fef0db79c974ad815236ac84385b,c015e06434360f126ed7854c92c4e5215366077e,3d028580601e9b614ed5074741ad0756c9c383e353924c3a023dd78e867e7f92,https://bazaar.abuse.ch/sample/3d028580601e9b614ed5074741ad0756c9c383e353924c3a023dd78e867e7f92/,Si,https://www.virustotal.com/gui/file/3d028580601e9b614ed5074741ad0756c9c383e353924c3a023dd78e867e7f92,,,Linux / ELF,,,2026-01-15 18:07:39,linux_mips64,2359296,"elf, kaiji",abuse_ch
235,Kaiji,2026,79dc34192b82d7242cbaed1b9efcef01,cc168af72ffceb3004323ed4ad42b28c82c1e85b,4a97b1c545ae2f9f5e3b5aad2db93a763aaeed9678ef6fbf3d5149f912a31e93,https://bazaar.abuse.ch/sample/4a97b1c545ae2f9f5e3b5aad2db93a763aaeed9678ef6fbf3d5149f912a31e93/,Si,https://www.virustotal.com/gui/file/4a97b1c545ae2f9f5e3b5aad2db93a763aaeed9678ef6fbf3d5149f912a31e93,,,Linux / ELF,,,2026-01-15 18:07:41,linux_arm6,2097152,"elf, kaiji",abuse_ch
236,Kaiji,2026,87d63afb25f96b8236737fc2a7dacf96,9e11d20e21139f3165078fbb508e03f4c46d050e,cb37d6a32f360d1e79907595a2b0d00916cb3e7e306dc320711b3e0019d991d6,https://bazaar.abuse.ch/sample/cb37d6a32f360d1e79907595a2b0d00916cb3e7e306dc320711b3e0019d991d6/,Si,https://www.virustotal.com/gui/file/cb37d6a32f360d1e79907595a2b0d00916cb3e7e306dc320711b3e0019d991d6,,,Linux / ELF,,,2026-01-15 18:07:42,linux_mips64el,2359296,"elf, kaiji",abuse_ch
237,Kaiji,2026,527db97913b8800370566ca8b874f070,68b46315cf1575f191d4eda495af71e87ad7b94d,12f65318aa3316ad18c0a9e879f1171fbcfee23d4717e5925a12867e42b9f589,https://bazaar.abuse.ch/sample/12f65318aa3316ad18c0a9e879f1171fbcfee23d4717e5925a12867e42b9f589/,Si,https://www.virustotal.com/gui/file/12f65318aa3316ad18c0a9e879f1171fbcfee23d4717e5925a12867e42b9f589,,,Linux / ELF,,,2026-01-15 18:07:44,linux_arm5,2097152,"elf, kaiji",abuse_ch
238,Kaiji,2026,b94b808f86fa29dd3868035f200ed206,1258f92a95a8096ae50fbdba313946b292d8b3e3,4134fb3554e6dfa82d4822886968f50a008bb66b46f54f3a28dfd0ce167b1283,https://bazaar.abuse.ch/sample/4134fb3554e6dfa82d4822886968f50a008bb66b46f54f3a28dfd0ce167b1283/,Si,https://www.virustotal.com/gui/file/4134fb3554e6dfa82d4822886968f50a008bb66b46f54f3a28dfd0ce167b1283,,,Linux / ELF,,,2026-01-15 18:07:45,linux_arm7,2097152,"elf, kaiji",abuse_ch
239,Kaiji,2026,e1e890deb41f47805f47b334eafe26a4,1f32baece3ddc48b8d1959b15702350a68e17970,c7c98a5ba966a7ff410bee89fcb3c3f4088c17dc4b1dc0ec5382407b7c4e1f41,https://bazaar.abuse.ch/sample/c7c98a5ba966a7ff410bee89fcb3c3f4088c17dc4b1dc0ec5382407b7c4e1f41/,Si,https://www.virustotal.com/gui/file/c7c98a5ba966a7ff410bee89fcb3c3f4088c17dc4b1dc0ec5382407b7c4e1f41,,,Linux / ELF,,,2026-01-15 18:07:47,linux_mipsel,2293760,"elf, kaiji",abuse_ch
240,Kaiji,2026,3b8c8bf6ddbe741ef9441ff2003aa7ed,f208e683f0de4ccbaa6c02894508fd1f7436e888,7d647c6969dfe7b9ce29e28a05ccc06d7d49e5a523c7926733ab49c3a2bfac29,https://bazaar.abuse.ch/sample/7d647c6969dfe7b9ce29e28a05ccc06d7d49e5a523c7926733ab49c3a2bfac29/,Si,https://www.virustotal.com/gui/file/7d647c6969dfe7b9ce29e28a05ccc06d7d49e5a523c7926733ab49c3a2bfac29,,,Linux / ELF,,,2026-02-01 20:23:15,linux_arm64,5177344,"elf, kaiji",abuse_ch
241,Kaiji,2026,ec31778cd1d8b6427bf2f1d68ae49ddd,6b87c9328b9d6389b26a6525c9bf7e0c30b23aa0,5a7eaef4848d9e4056001064e5754e86383380572c3f0e43910844ee5832a5b2,https://bazaar.abuse.ch/sample/5a7eaef4848d9e4056001064e5754e86383380572c3f0e43910844ee5832a5b2/,Si,https://www.virustotal.com/gui/file/5a7eaef4848d9e4056001064e5754e86383380572c3f0e43910844ee5832a5b2,,,Linux / ELF,,,2026-02-01 20:23:17,linux_amd64,5435392,"elf, kaiji",abuse_ch
242,Kaiji,2026,59a9caf9445f56759929691d7f637073,922eb3f4d5ce417ef44cfdbdc37d63794d050809,c2021e22711f5f1442dfe6bad84427a902eb388065e28029d018add9f5681694,https://bazaar.abuse.ch/sample/c2021e22711f5f1442dfe6bad84427a902eb388065e28029d018add9f5681694/,Si,https://www.virustotal.com/gui/file/c2021e22711f5f1442dfe6bad84427a902eb388065e28029d018add9f5681694,,,Linux / ELF,,,2026-02-01 20:23:18,linux_ppc64el,5111808,"elf, kaiji",abuse_ch
243,Kaiji,2026,cd7e72a6f67487f564106246f11e6a56,4e8db3c539cb6ed8b478297705826420e456ec9f,6b115dc273d943e59053a41b5637756878367ec08294dcd94307669dafd8daa9,https://bazaar.abuse.ch/sample/6b115dc273d943e59053a41b5637756878367ec08294dcd94307669dafd8daa9/,Si,https://www.virustotal.com/gui/file/6b115dc273d943e59053a41b5637756878367ec08294dcd94307669dafd8daa9,,,Linux / ELF,,,2026-02-01 20:23:20,linux_arm6,5308416,"elf, kaiji",abuse_ch
244,Kaiji,2026,0a9c826a1d0f079f37973a6fb15cf79b,e8d227f5c66081065e7cfede6326a8d23bc7159e,fcdbd042bf46dd262812f3ceb6d2b8bbec48535c170c88619623c351d70444ac,https://bazaar.abuse.ch/sample/fcdbd042bf46dd262812f3ceb6d2b8bbec48535c170c88619623c351d70444ac/,Si,https://www.virustotal.com/gui/file/fcdbd042bf46dd262812f3ceb6d2b8bbec48535c170c88619623c351d70444ac,,,Linux / ELF,,,2026-02-01 20:23:22,linux_386,5251072,"elf, kaiji",abuse_ch
245,Kaiji,2026,c00d5fb6bc0b39fe737aaccc8b98a589,529f0735d77f425a91e13488eb936c25e0a09ce6,f16d88d796861fafef6b01b464b979704790207068a147da6967a902f61052f8,https://bazaar.abuse.ch/sample/f16d88d796861fafef6b01b464b979704790207068a147da6967a902f61052f8/,Si,https://www.virustotal.com/gui/file/f16d88d796861fafef6b01b464b979704790207068a147da6967a902f61052f8,,,Linux / ELF,,,2026-02-01 20:23:23,linux_arm5,5308416,"elf, kaiji",abuse_ch
246,Kaiji,2026,46a3ec4c8e0debf6b5fa5d2d04bcaa18,4d6b1e6758595b12089d3a357279444e8451bb45,4ff2dd1d643e753fa1c185067951c38e6da45298e0203ea6844bf5b98a43c5c2,https://bazaar.abuse.ch/sample/4ff2dd1d643e753fa1c185067951c38e6da45298e0203ea6844bf5b98a43c5c2/,Si,https://www.virustotal.com/gui/file/4ff2dd1d643e753fa1c185067951c38e6da45298e0203ea6844bf5b98a43c5c2,,,Linux / ELF,,,2026-02-01 20:23:25,linux_mips,5898240,"elf, kaiji",abuse_ch
247,Kaiji,2026,ee0373a8336e794f702b0278e16af96b,6fbce3f02a836a0a81a47c8ac5e8fe87465d1d77,6efaad7105c1442f8e047d51d05794e920b33ef37ee5196b79e282a8932f2b38,https://bazaar.abuse.ch/sample/6efaad7105c1442f8e047d51d05794e920b33ef37ee5196b79e282a8932f2b38/,Si,https://www.virustotal.com/gui/file/6efaad7105c1442f8e047d51d05794e920b33ef37ee5196b79e282a8932f2b38,,,Linux / ELF,,,2026-02-01 20:23:27,linux_arm7,5308416,"elf, kaiji",abuse_ch
248,Kaiji,2026,a7a8ce6e5c1c55280e14cbf2453a6eb5,8d6ac1ef92233f34b89de402ad177c4ff847126b,a6432d24da1628af074c893b16422f3a6cdbc588de18cabba964e2b7f7704c34,https://bazaar.abuse.ch/sample/a6432d24da1628af074c893b16422f3a6cdbc588de18cabba964e2b7f7704c34/,Si,https://www.virustotal.com/gui/file/a6432d24da1628af074c893b16422f3a6cdbc588de18cabba964e2b7f7704c34,,,Linux / ELF,,,2026-02-01 20:23:29,linux_mipsel,5898240,"elf, kaiji",abuse_ch
249,Kaiji,2026,4ccfb94f84ce77bca5a6b8f23266a7b6,84d024f0df00fe2d6a366e3d5b8a37239bca1fe7,fba4302d3ccd5d38332234a75e3ef21e56fd8bb03f8303f5891a5ff2de5d6fc1,https://bazaar.abuse.ch/sample/fba4302d3ccd5d38332234a75e3ef21e56fd8bb03f8303f5891a5ff2de5d6fc1/,Si,https://www.virustotal.com/gui/file/fba4302d3ccd5d38332234a75e3ef21e56fd8bb03f8303f5891a5ff2de5d6fc1,,,Linux / ELF,,,2026-02-01 20:23:30,linux_ppc64,5111808,"elf, kaiji",abuse_ch
250,Kaiji,2026,6e689624de659c7fdebb8e9d3dfa9b58,06455d54e6f6fe57a53cab62b8b72da7265ee6a1,0d16727d2da098191b458090834cf8d12dab98c5131500147a8a30ba5cd57491,https://bazaar.abuse.ch/sample/0d16727d2da098191b458090834cf8d12dab98c5131500147a8a30ba5cd57491/,Si,https://www.virustotal.com/gui/file/0d16727d2da098191b458090834cf8d12dab98c5131500147a8a30ba5cd57491,,,Linux / ELF,,,2026-02-01 20:23:32,linux_mips_softfloat,5898240,"elf, kaiji",abuse_ch
251,Kaiji,2026,14941f684a016ed751ef1a6c80881455,6dcb3aeea7a6e35bf8a3104f21326aee9536b5bb,27e390c72f524d1a3445c04c15683e4ec16e7db00ab615b2713e923c1d9dbdb4,https://bazaar.abuse.ch/sample/27e390c72f524d1a3445c04c15683e4ec16e7db00ab615b2713e923c1d9dbdb4/,Si,https://www.virustotal.com/gui/file/27e390c72f524d1a3445c04c15683e4ec16e7db00ab615b2713e923c1d9dbdb4,,,Linux / ELF,,,2026-02-01 20:23:34,linux_mipsel_softfloat,5898240,"elf, kaiji",abuse_ch
252,Kaiji,2026,18bb0f34cfcfb6287ead3d4b563b5ad3,b69a1f34ebe2ea83630f91e8d8b00e957864108b,6455c6a8aac5a7b31a3041cec32048b9e7141117cf0f38cc5a797f652e9592a0,https://bazaar.abuse.ch/sample/6455c6a8aac5a7b31a3041cec32048b9e7141117cf0f38cc5a797f652e9592a0/,Si,https://www.virustotal.com/gui/file/6455c6a8aac5a7b31a3041cec32048b9e7141117cf0f38cc5a797f652e9592a0,,,Linux / ELF,,,2026-02-01 20:23:35,linux_mips64,5963776,"elf, kaiji",abuse_ch
253,Kaiji,2026,8e11a9b9365974a7e578c6b2c9067d77,416bc8dee5fd35390b991e3fb3f84740adc4e3ef,c2c5bb4bfbfa9913ab3faf9711f9d06dba46872071971ee4adc79c8cde1647fa,https://bazaar.abuse.ch/sample/c2c5bb4bfbfa9913ab3faf9711f9d06dba46872071971ee4adc79c8cde1647fa/,Si,https://www.virustotal.com/gui/file/c2c5bb4bfbfa9913ab3faf9711f9d06dba46872071971ee4adc79c8cde1647fa,,,Linux / ELF,,,2026-02-01 20:23:37,linux_mips64el,5963776,"elf, kaiji",abuse_ch
254,Kaiji,2026,57748972481676c33918763a14993d2a,fdea5e2b2f792cfafe55618d020f82ab9f5fc0a5,9f73a29ebf4031678a74cc3a45e41d741bd70c2000417c1b54fb6a0176d39abf,https://bazaar.abuse.ch/sample/9f73a29ebf4031678a74cc3a45e41d741bd70c2000417c1b54fb6a0176d39abf/,Si,https://www.virustotal.com/gui/file/9f73a29ebf4031678a74cc3a45e41d741bd70c2000417c1b54fb6a0176d39abf,,,Linux / ELF,,,2026-02-22 11:24:16,linux_386,1916928,"elf, kaiji",abuse_ch
255,Kaiji,2026,da149c6fa2bc595bb1324667c77c2261,e02cb6eeac40b6edee99cdc1f20def38e0ea91d7,38bdf739a7cef90a31077fef06b7b18b005a7b334ad2df785a5e086ef976e7b8,https://bazaar.abuse.ch/sample/38bdf739a7cef90a31077fef06b7b18b005a7b334ad2df785a5e086ef976e7b8/,Si,https://www.virustotal.com/gui/file/38bdf739a7cef90a31077fef06b7b18b005a7b334ad2df785a5e086ef976e7b8,,,Linux / ELF,,,2026-02-22 11:24:17,linux_mips,2293760,"elf, kaiji",abuse_ch
256,Kaiji,2026,1bba32bf4fcb8185e174e741a1059d3f,9d9c348118a7290ec0c0673a0f7991bbaba25930,047180266dd064a61970766e88c9f476e8a42df443e5c747edfaaa0d447a455e,https://bazaar.abuse.ch/sample/047180266dd064a61970766e88c9f476e8a42df443e5c747edfaaa0d447a455e/,Si,https://www.virustotal.com/gui/file/047180266dd064a61970766e88c9f476e8a42df443e5c747edfaaa0d447a455e,,,Linux / ELF,,,2026-02-22 11:24:19,linux_aarch64,2031616,"elf, kaiji",abuse_ch
257,Kaiji,2026,e3773f2291cb42ff45896ad6c8fe16e2,a444b57dcd7ec15a58a5fbd2078508a728501b06,559815c2516f4591ae3dee11aeb1a24eaae784f1dac32edd92bbb03f3d9fd548,https://bazaar.abuse.ch/sample/559815c2516f4591ae3dee11aeb1a24eaae784f1dac32edd92bbb03f3d9fd548/,Si,https://www.virustotal.com/gui/file/559815c2516f4591ae3dee11aeb1a24eaae784f1dac32edd92bbb03f3d9fd548,,,Linux / ELF,,,2026-02-22 11:24:20,linux_arm6,2097152,"elf, kaiji",abuse_ch
258,Kaiji,2026,451374308f49c3b0f54d27f25490cbb0,eb41e5c6564dcd6119fa0ba6ab98d0f8eae16307,0a70d7699c8e0629597dcc03b1aef0beebec03ae0580f2c070fb2bfd2fd89a71,https://bazaar.abuse.ch/sample/0a70d7699c8e0629597dcc03b1aef0beebec03ae0580f2c070fb2bfd2fd89a71/,Si,https://www.virustotal.com/gui/file/0a70d7699c8e0629597dcc03b1aef0beebec03ae0580f2c070fb2bfd2fd89a71,,,Linux / ELF,,,2026-02-22 11:24:22,linux_amd64,2011136,"elf, kaiji",abuse_ch
259,Kaiji,2026,353f3075ff28496f57fa77cbf4350f97,9cc10669c0b1154a6055eb4453f16d06b3a33531,4573abdd37ca1cd203befc3843c43c9e95dbbab8e40ac9d489293ff55ab0b2cd,https://bazaar.abuse.ch/sample/4573abdd37ca1cd203befc3843c43c9e95dbbab8e40ac9d489293ff55ab0b2cd/,Si,https://www.virustotal.com/gui/file/4573abdd37ca1cd203befc3843c43c9e95dbbab8e40ac9d489293ff55ab0b2cd,,,Linux / ELF,,,2026-02-22 11:24:23,linux_arm5,2097152,"elf, kaiji",abuse_ch
260,Kaiji,2026,002ce195e2bcb0028cfd10b0ab3603e0,631ba3f4b7505c4752e835c1d9245d6dcbabc58d,b0b5bc89370f00b11f44d9a260bc0d234a94ab8c5c3d65eb3346488afcbeeb27,https://bazaar.abuse.ch/sample/b0b5bc89370f00b11f44d9a260bc0d234a94ab8c5c3d65eb3346488afcbeeb27/,Si,https://www.virustotal.com/gui/file/b0b5bc89370f00b11f44d9a260bc0d234a94ab8c5c3d65eb3346488afcbeeb27,,,Linux / ELF,,,2026-02-22 11:24:25,linux_arm7,2097152,"elf, kaiji",abuse_ch
261,Kaiji,2026,f917e4b714be613d75531efd532df4f3,85f9cfc24aa3fc33b290598f1138c187c87c9e9c,b81aab4eddcb6683f9446aecd376b050efb2e37a28d61a2c349d6a5bb82028dc,https://bazaar.abuse.ch/sample/b81aab4eddcb6683f9446aecd376b050efb2e37a28d61a2c349d6a5bb82028dc/,Si,https://www.virustotal.com/gui/file/b81aab4eddcb6683f9446aecd376b050efb2e37a28d61a2c349d6a5bb82028dc,,,Linux / ELF,,,2026-02-22 11:24:26,linux_mips64,2359296,"elf, kaiji",abuse_ch
262,Kaiji,2026,00cf276afac080bf18003d588fb2ad87,4cc322ba36820ac8967b4483728a314efe12e1b3,ddb124c4b980091529a01dd544c0dc6b278d48b376ad1a313bd11f3e54a0f31b,https://bazaar.abuse.ch/sample/ddb124c4b980091529a01dd544c0dc6b278d48b376ad1a313bd11f3e54a0f31b/,Si,https://www.virustotal.com/gui/file/ddb124c4b980091529a01dd544c0dc6b278d48b376ad1a313bd11f3e54a0f31b,,,Linux / ELF,,,2026-02-22 11:24:28,linux_mipsel,2359296,"elf, kaiji",abuse_ch
263,Kaiji,2026,2cc2199732190882f9e0c5917e6aea49,9b091c2c062dc88393d14090ace778400821acbd,5ccf94bbe46f8223dad2756f9dff11086c841de9c423977e3a1b65f1fc1d4c7c,https://bazaar.abuse.ch/sample/5ccf94bbe46f8223dad2756f9dff11086c841de9c423977e3a1b65f1fc1d4c7c/,Si,https://www.virustotal.com/gui/file/5ccf94bbe46f8223dad2756f9dff11086c841de9c423977e3a1b65f1fc1d4c7c,,,Linux / ELF,,,2026-02-25 20:31:56,linux_mipsel,5898240,"elf, kaiji",abuse_ch
264,Kaiji,2026,5f205da58520396de86631d28f29ea87,04b27c55de7dbe67f3d0e999317c07305bb2ea09,31d4ef6aaca605c0cbe19fe0ca4e70151e232e5f61d963cdd0033d67785165fd,https://bazaar.abuse.ch/sample/31d4ef6aaca605c0cbe19fe0ca4e70151e232e5f61d963cdd0033d67785165fd/,Si,https://www.virustotal.com/gui/file/31d4ef6aaca605c0cbe19fe0ca4e70151e232e5f61d963cdd0033d67785165fd,,,Linux / ELF,,,2026-02-25 20:32:00,linux_ppc64el,5111808,"elf, kaiji",abuse_ch
265,Kaiji,2026,e3b586993ae6bafa4776d4c04dc7c62c,b69e943643a1e4c8c4bf32cd224555642cc7c363,ed2ac6cee0bc4c9e6b31c5b81f27c6c8d543536eb29769f5d17ff771a161616d,https://bazaar.abuse.ch/sample/ed2ac6cee0bc4c9e6b31c5b81f27c6c8d543536eb29769f5d17ff771a161616d/,Si,https://www.virustotal.com/gui/file/ed2ac6cee0bc4c9e6b31c5b81f27c6c8d543536eb29769f5d17ff771a161616d,,,Linux / ELF,,,2026-02-25 20:32:04,linux_mips64el_softfloat,5963776,"elf, kaiji",abuse_ch
266,Kaiji,2026,2aa634e66009959a44ad4350f816051b,be7434569fa5930355b42587922c649a15482999,f379e71df3f5c1a39afe732ae8ae99d0c6f9ff0c407e8c839e1d0e4f254f5f8c,https://bazaar.abuse.ch/sample/f379e71df3f5c1a39afe732ae8ae99d0c6f9ff0c407e8c839e1d0e4f254f5f8c/,Si,https://www.virustotal.com/gui/file/f379e71df3f5c1a39afe732ae8ae99d0c6f9ff0c407e8c839e1d0e4f254f5f8c,,,Linux / ELF,,,2026-02-25 20:32:08,linux_386,5251072,"elf, kaiji",abuse_ch
267,Kaiji,2026,da51a0366f0db5d72cf9a86a4eb2847b,74bc93bacb4e830c007d91ce15b884acd8a5a633,0088509f1ac99fd21921ff6a7b1dfd4a1d069f33be5e12cb8416fadae8a26984,https://bazaar.abuse.ch/sample/0088509f1ac99fd21921ff6a7b1dfd4a1d069f33be5e12cb8416fadae8a26984/,Si,https://www.virustotal.com/gui/file/0088509f1ac99fd21921ff6a7b1dfd4a1d069f33be5e12cb8416fadae8a26984,,,Linux / ELF,,,2026-02-25 20:32:13,linux_amd64,5435392,"elf, kaiji",abuse_ch
268,Kaiji,2026,29824bf5cdfbcb114a68c5e38717f58e,18c4dd1701080b7e86953b98e2fb658c043edf00,5f1f98503fc0534321f0a96e7c51ff977d3ccd1af0653eb83707c427dc08ab5e,https://bazaar.abuse.ch/sample/5f1f98503fc0534321f0a96e7c51ff977d3ccd1af0653eb83707c427dc08ab5e/,Si,https://www.virustotal.com/gui/file/5f1f98503fc0534321f0a96e7c51ff977d3ccd1af0653eb83707c427dc08ab5e,,,Linux / ELF,,,2026-02-25 20:32:19,linux_mips64,5963776,"elf, kaiji",abuse_ch
269,Kaiji,2026,6fcaaf79c191ca97ecd7f2b9d80168e4,a4a5f42911f1edaaff1e08617f8aba4c953904cc,1917e2424c87e83dcb8490bb99131356ab3f98392e06c041b9ea422a8f4e31b6,https://bazaar.abuse.ch/sample/1917e2424c87e83dcb8490bb99131356ab3f98392e06c041b9ea422a8f4e31b6/,Si,https://www.virustotal.com/gui/file/1917e2424c87e83dcb8490bb99131356ab3f98392e06c041b9ea422a8f4e31b6,,,Linux / ELF,,,2026-02-25 20:32:24,linux_arm7,5308416,"elf, kaiji",abuse_ch
270,Kaiji,2026,4b7d1eea2657ed2b8178ab364d563cf2,5601a9982f764d07f63d86e76fb0ef782e0c0dd6,85b33cf28ab166cd5338289c1fec17f1d8bc6a7b1acbbc2912971548d6071041,https://bazaar.abuse.ch/sample/85b33cf28ab166cd5338289c1fec17f1d8bc6a7b1acbbc2912971548d6071041/,Si,https://www.virustotal.com/gui/file/85b33cf28ab166cd5338289c1fec17f1d8bc6a7b1acbbc2912971548d6071041,,,Linux / ELF,,,2026-02-25 20:32:29,linux_mips_softfloat,5898240,"elf, kaiji",abuse_ch
271,Kaiji,2026,3ecec17a6692a97b54b791e710c7d0ec,183a6ec88eaaef8a5222cbc3f0d1c626772925c0,8a8524c4d58632b52c6d0fd2c34683605d34d56338fae13362125969ab712aef,https://bazaar.abuse.ch/sample/8a8524c4d58632b52c6d0fd2c34683605d34d56338fae13362125969ab712aef/,Si,https://www.virustotal.com/gui/file/8a8524c4d58632b52c6d0fd2c34683605d34d56338fae13362125969ab712aef,,,Linux / ELF,,,2026-02-25 20:32:35,linux_arm5,5308416,"elf, kaiji",abuse_ch
272,Kaiji,2026,41eaf1e8b9fb784e9b97e6b184c13505,c1cecbbae8f883fb4eb5bfcf80b39ac6f46a9244,31dd81d0c95c4c15bb38863bcfbfb385171ec3510f192aad389ab7e4aa1748ec,https://bazaar.abuse.ch/sample/31dd81d0c95c4c15bb38863bcfbfb385171ec3510f192aad389ab7e4aa1748ec/,Si,https://www.virustotal.com/gui/file/31dd81d0c95c4c15bb38863bcfbfb385171ec3510f192aad389ab7e4aa1748ec,,,Linux / ELF,,,2026-02-25 20:32:39,linux_ppc64,5111808,"elf, kaiji",abuse_ch
273,Kaiji,2026,b323e66f13ee4732ee6ec90307dfdc69,bfa80e276ab455b199680a413608294097f2ae81,013377e56592c9cec7b94add7d5584d1572ee9c1346d4dfa4f10b1168070172e,https://bazaar.abuse.ch/sample/013377e56592c9cec7b94add7d5584d1572ee9c1346d4dfa4f10b1168070172e/,Si,https://www.virustotal.com/gui/file/013377e56592c9cec7b94add7d5584d1572ee9c1346d4dfa4f10b1168070172e,,,Linux / ELF,,,2026-02-25 20:32:43,linux_arm64,5177344,"elf, kaiji",abuse_ch
274,Kaiji,2026,289ff2bf6362309b5d2fb048d72250b8,9ad60686ebb703e69fd64036c63d7d1c0ef376c4,5e822c77ae8d818d84e5281cd0d50b3fc26965f99efec9e058b8721018816059,https://bazaar.abuse.ch/sample/5e822c77ae8d818d84e5281cd0d50b3fc26965f99efec9e058b8721018816059/,Si,https://www.virustotal.com/gui/file/5e822c77ae8d818d84e5281cd0d50b3fc26965f99efec9e058b8721018816059,,,Linux / ELF,,,2026-02-25 20:32:47,linux_mips,5898240,"elf, kaiji",abuse_ch
275,Kaiji,2026,f4bccc5b19ca78daa54daa7024ac94d9,64a9dbfccf9ec65d15d3af46ed9b91657e7c34b9,b956bbefa82f464cea53ebaa9ee303813de81319f222b31b4613139258d3c0db,https://bazaar.abuse.ch/sample/b956bbefa82f464cea53ebaa9ee303813de81319f222b31b4613139258d3c0db/,Si,https://www.virustotal.com/gui/file/b956bbefa82f464cea53ebaa9ee303813de81319f222b31b4613139258d3c0db,,,Linux / ELF,,,2026-02-25 20:32:50,linux_arm6,5308416,"elf, kaiji",abuse_ch
276,Kaiji,2026,b17d39340240af6db72a8fc135f8cc78,0581d06c01e91019ed64bffff0168e8ec5fc752a,b242266656a36344b9f3d4e011763812e8c08178ab4dcfc098820b0bc55c7974,https://bazaar.abuse.ch/sample/b242266656a36344b9f3d4e011763812e8c08178ab4dcfc098820b0bc55c7974/,Si,https://www.virustotal.com/gui/file/b242266656a36344b9f3d4e011763812e8c08178ab4dcfc098820b0bc55c7974,,,Linux / ELF,,,2026-02-25 20:32:54,linux_mipsel_softfloat,5898240,"elf, kaiji",abuse_ch
277,Kaiji,2026,d0b98a656c72242baaff6ea51452cd04,3cd5f4374147ef793dbf87ad2c51ddfe1b9aa7a8,c8fd4e4af3f4dd29bc956904d7f489da64664689120ccd639522dfb87f4de85b,https://bazaar.abuse.ch/sample/c8fd4e4af3f4dd29bc956904d7f489da64664689120ccd639522dfb87f4de85b/,Si,https://www.virustotal.com/gui/file/c8fd4e4af3f4dd29bc956904d7f489da64664689120ccd639522dfb87f4de85b,,,Linux / ELF,,,2026-02-25 20:32:57,el,2293760,"elf, kaiji",abuse_ch
278,Kaiji,2026,7dc6a0892cd5887cc00ed7ac3bfa9996,57e5723f2ed114ba55451b6e5371e5464e8e7540,875d10dc7f2e41023cbf1e34a7877722d739cf239f475c53d389b3c69d126206,https://bazaar.abuse.ch/sample/875d10dc7f2e41023cbf1e34a7877722d739cf239f475c53d389b3c69d126206/,Si,https://www.virustotal.com/gui/file/875d10dc7f2e41023cbf1e34a7877722d739cf239f475c53d389b3c69d126206,,,Linux / ELF,,,2026-03-06 14:23:36,linux_arm64,2083124,"elf, UPX",abuse_ch
279,Kaiji,2026,60a264328556eaccf625dac0692bd29d,79b04cf422e905c69d97e78a32af50a813d1fb9a,ab802880692ce7b1d574eb00e9bc69849cf4cd9524b203ddf5adb4d0eceb4f5d,https://bazaar.abuse.ch/sample/ab802880692ce7b1d574eb00e9bc69849cf4cd9524b203ddf5adb4d0eceb4f5d/,Si,https://www.virustotal.com/gui/file/ab802880692ce7b1d574eb00e9bc69849cf4cd9524b203ddf5adb4d0eceb4f5d,,,Linux / ELF,,,2026-03-06 14:23:38,linux_amd64,2262176,"elf, kaiji, UPX",abuse_ch
280,Kaiji,2026,fe4617f616fc3aa1ad7222f9ef434046,78f5f55a20e53123fd4cb03f759f9010a7d6c014,697e5f7231245db67804794309ecbc55d403c20f9efdda785eaef08ebe02dd63,https://bazaar.abuse.ch/sample/697e5f7231245db67804794309ecbc55d403c20f9efdda785eaef08ebe02dd63/,Si,https://www.virustotal.com/gui/file/697e5f7231245db67804794309ecbc55d403c20f9efdda785eaef08ebe02dd63,,,Linux / ELF,,,2026-03-06 14:23:42,linux_arm7,2067688,"elf, kaiji, UPX",abuse_ch
281,Kaiji,2026,6c529490f5d61b5983dea7f6769f3ec8,f45677fb0113c91513cb5b21d93d9ba40e8b13a4,801805c8171e354e001039ae6639c35ecf3c1ab72de936c6f21f77d87a36e9e1,https://bazaar.abuse.ch/sample/801805c8171e354e001039ae6639c35ecf3c1ab72de936c6f21f77d87a36e9e1/,Si,https://www.virustotal.com/gui/file/801805c8171e354e001039ae6639c35ecf3c1ab72de936c6f21f77d87a36e9e1,,,Linux / ELF,,,2026-03-06 14:24:33,linux_arm64,5177344,"elf, kaiji, upx-dec",abuse_ch
282,Kaiji,2026,883ce91107e2bdab7813315fc064e688,6f75389ea091f376f7520c136edf81a5c87cb27b,9bb718bcf89a5064fd7f4a3e25c156d00b344740205e4be5eae47faedc1c720a,https://bazaar.abuse.ch/sample/9bb718bcf89a5064fd7f4a3e25c156d00b344740205e4be5eae47faedc1c720a/,Si,https://www.virustotal.com/gui/file/9bb718bcf89a5064fd7f4a3e25c156d00b344740205e4be5eae47faedc1c720a,,,Linux / ELF,,,2026-03-06 14:24:35,linux_amd64,5435392,"elf, kaiji, upx-dec",abuse_ch
283,Kaiji,2026,00547b53069a9584a48d1df44cb6415f,a85805ccb8a9be14fe8f971d68011c2f3e3c35dc,2622c5614943fd702979ba3086e864e2052dbcc5f115d5168e40dad21bd4335d,https://bazaar.abuse.ch/sample/2622c5614943fd702979ba3086e864e2052dbcc5f115d5168e40dad21bd4335d/,Si,https://www.virustotal.com/gui/file/2622c5614943fd702979ba3086e864e2052dbcc5f115d5168e40dad21bd4335d,,,Linux / ELF,,,2026-03-06 14:24:40,linux_arm7,5308416,"elf, kaiji, upx-dec",abuse_ch
284,Kaiji,2026,a61970d0610f5e8eacbfe04c3b2c5968,5e4c05b6fe93968d55b415ba2f77efc45837c440,de68bd0d3752caf47af6abfaeb4a4621b8fd8f86302fccefa9d3762e7ca984cb,https://bazaar.abuse.ch/sample/de68bd0d3752caf47af6abfaeb4a4621b8fd8f86302fccefa9d3762e7ca984cb/,Si,https://www.virustotal.com/gui/file/de68bd0d3752caf47af6abfaeb4a4621b8fd8f86302fccefa9d3762e7ca984cb,,,Linux / ELF,,,2026-04-11 18:21:54,linux_arm5,2097152,"elf, kaiji",abuse_ch
285,Kaiji,2026,c00e68b946e780f7a69884ec33bde982,0e85a346b8aaf41a3371f5cad3614d87d62bce43,d58fc53713b865e702d0f5cf91126282eb6ad5f9b3f57e5805f0f237e11e884b,https://bazaar.abuse.ch/sample/d58fc53713b865e702d0f5cf91126282eb6ad5f9b3f57e5805f0f237e11e884b/,Si,https://www.virustotal.com/gui/file/d58fc53713b865e702d0f5cf91126282eb6ad5f9b3f57e5805f0f237e11e884b,,,Linux / ELF,,,2026-04-11 18:21:58,linux_mips64,2359296,"elf, kaiji",abuse_ch
286,Kaiji,2026,b1a3e0881cc056e2b4bdbaaf6608e003,8848c3ce7b91c89e392ebb7b27a331fd503de744,dd0193318124d2329bdc2f8f34cbd3d0181f52042a1033dde9cef7ba22cfcf6f,https://bazaar.abuse.ch/sample/dd0193318124d2329bdc2f8f34cbd3d0181f52042a1033dde9cef7ba22cfcf6f/,Si,https://www.virustotal.com/gui/file/dd0193318124d2329bdc2f8f34cbd3d0181f52042a1033dde9cef7ba22cfcf6f,,,Linux / ELF,,,2026-04-11 18:22:02,linux_aarch64,2031616,"elf, kaiji",abuse_ch
287,Kaiji,2026,c67ec08fc2cbc6ae09d047d7ba038816,851807aa7df44982e44b26c08d615a918e74d0ce,b9746f0b66dfb150588536ce9807deb8fe51bce515c988fab399d536c8484e50,https://bazaar.abuse.ch/sample/b9746f0b66dfb150588536ce9807deb8fe51bce515c988fab399d536c8484e50/,Si,https://www.virustotal.com/gui/file/b9746f0b66dfb150588536ce9807deb8fe51bce515c988fab399d536c8484e50,,,Linux / ELF,,,2026-04-11 18:22:05,linux_mips,2293760,"elf, kaiji",abuse_ch
288,Kaiji,2026,b904cb4ce2aa080e68ae69f4b890bedd,9366c0874ef04c2aa1081c906df55b7ca8048158,3a7c2408713b426dbe0b08e7cf51421666b18872d11de099a8f2434c5e257b2e,https://bazaar.abuse.ch/sample/3a7c2408713b426dbe0b08e7cf51421666b18872d11de099a8f2434c5e257b2e/,Si,https://www.virustotal.com/gui/file/3a7c2408713b426dbe0b08e7cf51421666b18872d11de099a8f2434c5e257b2e,,,Linux / ELF,,,2026-04-11 18:22:09,linux_arm6,2097152,"elf, kaiji",abuse_ch
289,Kaiji,2026,1bdf48addfdc484b06ce224565adc7ff,308c359e077a79ee64a4c8c651da2f215129ba87,ac5461d68abb723a2f5c8f5aca99c32e40d24a87fe788127800f734a4474d1f0,https://bazaar.abuse.ch/sample/ac5461d68abb723a2f5c8f5aca99c32e40d24a87fe788127800f734a4474d1f0/,Si,https://www.virustotal.com/gui/file/ac5461d68abb723a2f5c8f5aca99c32e40d24a87fe788127800f734a4474d1f0,,,Linux / ELF,,,2026-04-11 18:22:15,linux_arm7,2097152,"elf, kaiji",abuse_ch
290,Kaiji,2026,0df954759bd65fe0c260820c257a084c,3c287e6495d7cb75304f0c43506d4d9124f444e7,a2ce4bfd8411324b10576d228b04cb8036e61b998ae9162e6f81ab65cf7416bd,https://bazaar.abuse.ch/sample/a2ce4bfd8411324b10576d228b04cb8036e61b998ae9162e6f81ab65cf7416bd/,Si,https://www.virustotal.com/gui/file/a2ce4bfd8411324b10576d228b04cb8036e61b998ae9162e6f81ab65cf7416bd,,,Linux / ELF,,,2026-04-11 18:22:18,linux_amd64,2011136,"elf, kaiji",abuse_ch
291,Kaiji,2026,55de5fc1d8e1fedbdacfda1f3936e03a,1cd026918e52cb27dfb0bfbba901cccb6d5f2695,d15452ea2f112c4a1d52a0459622483618598cd8796f9cab8f23554fd0f53285,https://bazaar.abuse.ch/sample/d15452ea2f112c4a1d52a0459622483618598cd8796f9cab8f23554fd0f53285/,Si,https://www.virustotal.com/gui/file/d15452ea2f112c4a1d52a0459622483618598cd8796f9cab8f23554fd0f53285,,,Linux / ELF,,,2026-04-11 18:22:21,linux_mips64el,2359296,"elf, kaiji",abuse_ch
292,Kaiji,2026,adabc3efdce4ff0451de47a82d297269,d9a071c518c2c936f07fab404093f3724fb4da4e,47b6ecba4e77e4fce84fe768b11d8bde2936938c2ae07a35aa9aa8f7fe6fe192,https://bazaar.abuse.ch/sample/47b6ecba4e77e4fce84fe768b11d8bde2936938c2ae07a35aa9aa8f7fe6fe192/,Si,https://www.virustotal.com/gui/file/47b6ecba4e77e4fce84fe768b11d8bde2936938c2ae07a35aa9aa8f7fe6fe192,,,Linux / ELF,,,2026-04-11 18:22:25,linux_386,1916928,"elf, kaiji",abuse_ch
293,Kaiji,2026,c851f0819ad44f8243b41909386d0b15,37e3e468379c46935aa4148f1177d8a0b80da42b,b194e7945dee7198eca61d7cd8308b1a3a66eb01e48f5221a8a713024dab06d5,https://bazaar.abuse.ch/sample/b194e7945dee7198eca61d7cd8308b1a3a66eb01e48f5221a8a713024dab06d5/,Si,https://www.virustotal.com/gui/file/b194e7945dee7198eca61d7cd8308b1a3a66eb01e48f5221a8a713024dab06d5,,,Linux / ELF,,,2026-04-11 18:22:29,linux_mipsel,2293760,"elf, kaiji",abuse_ch
294,Mirai,2026,92f5d03fcdef20b4a2b8dc55d75da69f,8da0f91a74c7c41bbc85952ef1cae369ec74f424,f2a21f38f3a6702d2438525f392fb51e77fc6de9472641fd8210872ca32622c0,https://bazaar.abuse.ch/sample/f2a21f38f3a6702d2438525f392fb51e77fc6de9472641fd8210872ca32622c0/,Si,https://www.virustotal.com/gui/file/f2a21f38f3a6702d2438525f392fb51e77fc6de9472641fd8210872ca32622c0,,,Linux / ELF,,,2026-05-29 01:31:53,boatnet.arc,132376,"elf, mirai",abuse_ch
295,Mirai,2026,62f5900c3ad696e9ab58bfc026e07a87,18e5e95960e8384eddcc3f525d3e9de2f9506bd9,121efeab15afe22e2594d465aa550c1d005accb9dc85780994b17fa4839ec223,https://bazaar.abuse.ch/sample/121efeab15afe22e2594d465aa550c1d005accb9dc85780994b17fa4839ec223/,Si,https://www.virustotal.com/gui/file/121efeab15afe22e2594d465aa550c1d005accb9dc85780994b17fa4839ec223,,,Linux / ELF,,,2026-05-29 01:34:39,iran.m68k,162392,"elf, mirai",abuse_ch
296,Mirai,2026,0718e146d4089254decc5b8ca6debef2,58e6dd33809678044256e8334caad5efeac0d7d8,ff14573ba39717c4b8f4e1b1fc69961befa62eb7687e9374886e7f8d58f98827,https://bazaar.abuse.ch/sample/ff14573ba39717c4b8f4e1b1fc69961befa62eb7687e9374886e7f8d58f98827/,Si,https://www.virustotal.com/gui/file/ff14573ba39717c4b8f4e1b1fc69961befa62eb7687e9374886e7f8d58f98827,,,Linux / ELF,,,2026-05-29 01:34:40,023782pler.arm6,144852,"elf, mirai",abuse_ch
297,Mirai,2026,12432ae0ce201afce77227a2d32f9515,6d4c8c3a281de01427fe9ea8a55c98257871fae6,305c0d8309fb31ed5857f7fbe542fd856e9c8c9d69f0e1c4b01e4d2dfa7dc015,https://bazaar.abuse.ch/sample/305c0d8309fb31ed5857f7fbe542fd856e9c8c9d69f0e1c4b01e4d2dfa7dc015/,Si,https://www.virustotal.com/gui/file/305c0d8309fb31ed5857f7fbe542fd856e9c8c9d69f0e1c4b01e4d2dfa7dc015,,,Linux / ELF,,,2026-05-29 01:37:35,023782pler.arm5,99792,"elf, mirai",abuse_ch
298,Mirai,2026,21305e8d802bc66524543e56b7032219,a645f907d7d31be9ddc27e9e2bc80d643692c85e,8802b162900ac0339019295df8e5863f47123d531028724e06866ed0f808d624,https://bazaar.abuse.ch/sample/8802b162900ac0339019295df8e5863f47123d531028724e06866ed0f808d624/,Si,https://www.virustotal.com/gui/file/8802b162900ac0339019295df8e5863f47123d531028724e06866ed0f808d624,,,Linux / ELF,,,2026-05-29 01:37:37,023782pler.m68k,137784,"elf, mirai",abuse_ch
299,Mirai,2026,cbce5f8fad3ec4a45789e022f1c87b5a,0a75a6a533ac1f4583147381859504fad10d42e6,a327aae8368e26f29127572d346c565d00f2309398c14339775ca6d7a074359d,https://bazaar.abuse.ch/sample/a327aae8368e26f29127572d346c565d00f2309398c14339775ca6d7a074359d/,Si,https://www.virustotal.com/gui/file/a327aae8368e26f29127572d346c565d00f2309398c14339775ca6d7a074359d,,,Linux / ELF,,,2026-05-29 01:37:38,bot.aarch64,78232,"elf, mirai",abuse_ch
300,Mirai,2026,0006e44bdee3b8ed834d4623be5e445e,338957c4b56b56d4689bd284c7a2f9c034b48454,53beee68bf3f2e1303e3f9f4736fdfff9b10f4d57b14f27d128ea6e3e54b5bb3,https://bazaar.abuse.ch/sample/53beee68bf3f2e1303e3f9f4736fdfff9b10f4d57b14f27d128ea6e3e54b5bb3/,Si,https://www.virustotal.com/gui/file/53beee68bf3f2e1303e3f9f4736fdfff9b10f4d57b14f27d128ea6e3e54b5bb3,,,Linux / ELF,,,2026-05-29 01:37:40,bot.m68k,147936,"elf, mirai",abuse_ch
301,Mirai,2026,3abf120459d0413daf6074da92d19746,19bb635f3244c50c392583da9ea64766e6d14430,56ab4b2c5af8a909546f9d593ceb185f9dc3cbf7ed6700c5b7ab5dc9680fde40,https://bazaar.abuse.ch/sample/56ab4b2c5af8a909546f9d593ceb185f9dc3cbf7ed6700c5b7ab5dc9680fde40/,Si,https://www.virustotal.com/gui/file/56ab4b2c5af8a909546f9d593ceb185f9dc3cbf7ed6700c5b7ab5dc9680fde40,,,Linux / ELF,,,2026-05-29 01:43:36,bot.i486,66448,"elf, mirai",abuse_ch
302,Mirai,2026,941498226eb6de93e35da2fe8c3f94e3,dcb6db5a22c0043d575d520d18b248b6b74ca4dc,62066b0e17dcce96227a52166801d0f137ece184d781c50905a726589b4b4ece,https://bazaar.abuse.ch/sample/62066b0e17dcce96227a52166801d0f137ece184d781c50905a726589b4b4ece/,Si,https://www.virustotal.com/gui/file/62066b0e17dcce96227a52166801d0f137ece184d781c50905a726589b4b4ece,,,Linux / ELF,,,2026-05-29 01:48:56,bot.powerpc,87196,"elf, mirai",abuse_ch
303,Mirai,2026,da6dfd38f3dccf360d329a78c39d907a,771195d3abd611ca7d00cbe396bf53564475bee5,254b1ee932b3e597d18492c1837fd45878d1880c3e9e4600a52c329f68a4bf1b,https://bazaar.abuse.ch/sample/254b1ee932b3e597d18492c1837fd45878d1880c3e9e4600a52c329f68a4bf1b/,Si,https://www.virustotal.com/gui/file/254b1ee932b3e597d18492c1837fd45878d1880c3e9e4600a52c329f68a4bf1b,,,Linux / ELF,,,2026-05-29 01:53:49,boatnet.m68k,81812,"elf, mirai",abuse_ch
304,Mirai,2026,3b071b746dd884c28396f096e7831bb8,b1da3e3df36220f497051359b5c14aa22bb8c54b,9f82e17f61a275e1045cf21e328ecd6493a7a167529b416b0994ded6831e90de,https://bazaar.abuse.ch/sample/9f82e17f61a275e1045cf21e328ecd6493a7a167529b416b0994ded6831e90de/,Si,https://www.virustotal.com/gui/file/9f82e17f61a275e1045cf21e328ecd6493a7a167529b416b0994ded6831e90de,,,Linux / ELF,,,2026-05-29 01:53:50,023782pler.x86,120276,"elf, mirai",abuse_ch
305,Mirai,2026,8bef0063612bf685606d901bb9f59145,ffd2965b462d8c15b59c67084246239ce3bd49dc,3993cded52136a2c49528688a1f81a7d92551b4db1b1cbc71cc9665db3288384,https://bazaar.abuse.ch/sample/3993cded52136a2c49528688a1f81a7d92551b4db1b1cbc71cc9665db3288384/,Si,https://www.virustotal.com/gui/file/3993cded52136a2c49528688a1f81a7d92551b4db1b1cbc71cc9665db3288384,,,Linux / ELF,,,2026-05-29 01:53:51,boatnet.mips,33096,"elf, mirai, UPX",abuse_ch
306,Mirai,2026,57dea380fd972499413bdf30049ce2c2,32e809a6d614b8484236fbc308e3e4b3a115a5f7,aea0d395c98e0365d25a66cf6ea98c9ed00f9b5fa6f4de8485b5a7dbdae19bf6,https://bazaar.abuse.ch/sample/aea0d395c98e0365d25a66cf6ea98c9ed00f9b5fa6f4de8485b5a7dbdae19bf6/,Si,https://www.virustotal.com/gui/file/aea0d395c98e0365d25a66cf6ea98c9ed00f9b5fa6f4de8485b5a7dbdae19bf6,,,Linux / ELF,,,2026-05-29 01:54:39,boatnet.mips,113448,"elf, mirai, upx-dec",abuse_ch
307,Mirai,2026,637253addeb3ac002c0380de91d88ef6,6f8774caa9ffc015d52843482394fa8426005bfb,95f4af40626b905b286df4611a811826801ef2a014f934e289430adb2f3dc874,https://bazaar.abuse.ch/sample/95f4af40626b905b286df4611a811826801ef2a014f934e289430adb2f3dc874/,Si,https://www.virustotal.com/gui/file/95f4af40626b905b286df4611a811826801ef2a014f934e289430adb2f3dc874,,,Linux / ELF,,,2026-05-29 01:58:44,boatnet.ppc,30276,"elf, mirai, UPX",abuse_ch
308,Mirai,2026,210db3dcd53572d2974ee028e3a0c4cc,1734b6c03748c84149ca3db7de24730aebb35b92,f9baa861e81587bc806523bbcb948ed35e68bcd4c9fa99d55b203c6dacac7cc3,https://bazaar.abuse.ch/sample/f9baa861e81587bc806523bbcb948ed35e68bcd4c9fa99d55b203c6dacac7cc3/,Si,https://www.virustotal.com/gui/file/f9baa861e81587bc806523bbcb948ed35e68bcd4c9fa99d55b203c6dacac7cc3,,,Linux / ELF,,,2026-05-29 01:59:29,boatnet.ppc,80380,"elf, mirai, upx-dec",abuse_ch
309,Mirai,2026,fda11d4240a324c4cb308a9126c0b3ea,9bdefe63eeb9c432847e4e336474ca8622629a44,7c4e6d57a5ef8812aaab95edeae7615e6217320274ec66b7575a8050d2e34c2b,https://bazaar.abuse.ch/sample/7c4e6d57a5ef8812aaab95edeae7615e6217320274ec66b7575a8050d2e34c2b/,Si,https://www.virustotal.com/gui/file/7c4e6d57a5ef8812aaab95edeae7615e6217320274ec66b7575a8050d2e34c2b,,,Linux / ELF,,,2026-05-29 02:01:30,bot.mipsel,111532,"elf, mirai",abuse_ch
310,Mirai,2026,af684e447db362b9f59bdfb84c9bea38,632d9d1553f14d1e554d4a2e0536acf0ef233902,92f23742ae54e5961819c2f7e0a6b6e92799bd04f43a816501f3f3a91c407af2,https://bazaar.abuse.ch/sample/92f23742ae54e5961819c2f7e0a6b6e92799bd04f43a816501f3f3a91c407af2/,Si,https://www.virustotal.com/gui/file/92f23742ae54e5961819c2f7e0a6b6e92799bd04f43a816501f3f3a91c407af2,,,Linux / ELF,,,2026-05-29 02:06:35,boatnet.x86_64,32816,"elf, mirai, UPX",abuse_ch
311,Mirai,2026,a2f0fed713497a3356716329711f06ee,cc3b42d7a638aa9698ce279f0a68c5f6bb31673c,ebc28cd8af4051c0cdcc8e3d33363177e4b2b00ea6eb7837645db809ea0f76e4,https://bazaar.abuse.ch/sample/ebc28cd8af4051c0cdcc8e3d33363177e4b2b00ea6eb7837645db809ea0f76e4/,Si,https://www.virustotal.com/gui/file/ebc28cd8af4051c0cdcc8e3d33363177e4b2b00ea6eb7837645db809ea0f76e4,,,Linux / ELF,,,2026-05-29 02:07:26,boatnet.x86_64,87296,"elf, mirai, upx-dec",abuse_ch
312,Mirai,2026,71447310de35f0f94e5abfa0d6a8a4b1,afcc748039086884541ee390c312a3bf81a1ff10,b674f05abd17be787aded551bd3bb8c610797863897cc447ff8f940dc68abb84,https://bazaar.abuse.ch/sample/b674f05abd17be787aded551bd3bb8c610797863897cc447ff8f940dc68abb84/,Si,https://www.virustotal.com/gui/file/b674f05abd17be787aded551bd3bb8c610797863897cc447ff8f940dc68abb84,,,Linux / ELF,,,2026-05-29 02:11:46,iran.arc,140756,"elf, mirai",abuse_ch
313,Mirai,2026,2700f17872e2cb99d37e84ed3c5e4523,bce006a73bc91c91623b321176b95a2a3ac15162,1e7d9ae20c8ca6b4e14ce9a92e76fa6db70d45584e1512be8f9e1967c9b7a724,https://bazaar.abuse.ch/sample/1e7d9ae20c8ca6b4e14ce9a92e76fa6db70d45584e1512be8f9e1967c9b7a724/,Si,https://www.virustotal.com/gui/file/1e7d9ae20c8ca6b4e14ce9a92e76fa6db70d45584e1512be8f9e1967c9b7a724,,,Linux / ELF,,,2026-05-29 02:11:48,023782pler.mpsl,172808,"elf, mirai",abuse_ch
314,Mirai,2026,4d4553626a09b72316f413797f6f8387,7e2588f1cc2fffbc4e4d7ba269173e665d4bcfb5,71d6805debf8fe437b557565a9e67b47bd153f27a08190f89d55a8efe0cbd92d,https://bazaar.abuse.ch/sample/71d6805debf8fe437b557565a9e67b47bd153f27a08190f89d55a8efe0cbd92d/,Si,https://www.virustotal.com/gui/file/71d6805debf8fe437b557565a9e67b47bd153f27a08190f89d55a8efe0cbd92d,,,Linux / ELF,,,2026-05-29 03:36:01,71d6805debf8fe437b557565a9e67b47bd153f27a08190f89d55a8efe0cbd92d,156680,"31-56-209-72, elf, mirai, wraith",c2hunter
315,Mirai,2026,bfb9cfe2c02361dd1354cc5672226350,ccbf700199da238c54a6ecd67b471a86d3dc0add,2b38bbb299bb43147a122f896e4e4876ea8b40c453110954961019681fef915a,https://bazaar.abuse.ch/sample/2b38bbb299bb43147a122f896e4e4876ea8b40c453110954961019681fef915a/,Si,https://www.virustotal.com/gui/file/2b38bbb299bb43147a122f896e4e4876ea8b40c453110954961019681fef915a,,,Linux / ELF,,,2026-05-29 03:49:36,023782pler.spc,135544,"elf, mirai",abuse_ch
316,Mirai,2026,2f883d2116eb8796f39bf38838999eb8,aedf57aedf39d28b02f7293a477742beb3a29b7d,971fc31afa7bdeed18ba5717ca77d75438ee31e97c6a8ad893963068341779f7,https://bazaar.abuse.ch/sample/971fc31afa7bdeed18ba5717ca77d75438ee31e97c6a8ad893963068341779f7/,Si,https://www.virustotal.com/gui/file/971fc31afa7bdeed18ba5717ca77d75438ee31e97c6a8ad893963068341779f7,,,Linux / ELF,,,2026-05-29 04:11:22,971fc31afa7bdeed18ba5717ca77d75438ee31e97c6a8ad893963068341779f7,117280,"31-56-209-72, elf, mirai, wraith",c2hunter
317,Mirai,2026,791ba034ecf4b775747c3c0f23c8c576,a3d1fa664cd863ce63b5e190f4a4527c5f61f705,9d66f2f0d67c4203596f158610b70c201c4c6b9a9a724dc08baa1573d64a7f43,https://bazaar.abuse.ch/sample/9d66f2f0d67c4203596f158610b70c201c4c6b9a9a724dc08baa1573d64a7f43/,Si,https://www.virustotal.com/gui/file/9d66f2f0d67c4203596f158610b70c201c4c6b9a9a724dc08baa1573d64a7f43,,,Linux / ELF,,,2026-05-29 05:52:51,023782pler.arm7,224445,"elf, mirai",abuse_ch
318,Mirai,2026,369eae2b38207e5784eb10e243d7a6fc,bc14bd94f515510c073a5c701fb19556de5414af,d9de7eafb02a7d6d1bde6a68afae1e0f21d1db24e3aa579a911d0e78c5aa6e9d,https://bazaar.abuse.ch/sample/d9de7eafb02a7d6d1bde6a68afae1e0f21d1db24e3aa579a911d0e78c5aa6e9d/,Si,https://www.virustotal.com/gui/file/d9de7eafb02a7d6d1bde6a68afae1e0f21d1db24e3aa579a911d0e78c5aa6e9d,,,Linux / ELF,,,2026-05-29 06:02:55,main_mips,173888,"elf, mirai",abuse_ch
319,Mirai,2026,06d8f66706da64397949cde24de95506,9a15198d3444f6234867f3f765d8b93028305c73,6bb18cd9937fb92e58d54d325b7dc7a8e03c945aa2efdd449d06bcc21a18d0cc,https://bazaar.abuse.ch/sample/6bb18cd9937fb92e58d54d325b7dc7a8e03c945aa2efdd449d06bcc21a18d0cc/,Si,https://www.virustotal.com/gui/file/6bb18cd9937fb92e58d54d325b7dc7a8e03c945aa2efdd449d06bcc21a18d0cc,,,Linux / ELF,,,2026-05-29 06:08:23,bot.armv4l,77580,"elf, mirai",abuse_ch
320,Mirai,2026,971d7b638e7af5e2053effc541d9b2b5,3151cc9a3f118f7249b96248519111aeed2dad5e,78e3b2952b96548185e6013b0442eed2bf4e028c093de9082309e2163cabb18c,https://bazaar.abuse.ch/sample/78e3b2952b96548185e6013b0442eed2bf4e028c093de9082309e2163cabb18c/,Si,https://www.virustotal.com/gui/file/78e3b2952b96548185e6013b0442eed2bf4e028c093de9082309e2163cabb18c,,,Linux / ELF,,,2026-05-29 06:36:03,iran.armv6l,129244,"31-56-209-72, mirai",BlinkzSec
321,Mirai,2026,6741f6d9aa25d052eec764afa1f48b47,1a3c0fec42da0240d96520a6c11526d2272c4eed,c143c91e6f02d11ccab9f8459fd07f9399b6982acf190d17029d9d4c2b5cc28b,https://bazaar.abuse.ch/sample/c143c91e6f02d11ccab9f8459fd07f9399b6982acf190d17029d9d4c2b5cc28b/,Si,https://www.virustotal.com/gui/file/c143c91e6f02d11ccab9f8459fd07f9399b6982acf190d17029d9d4c2b5cc28b,,,Linux / ELF,,,2026-05-29 06:36:03,iran.i486,50476,"31-56-209-72, mirai",BlinkzSec
322,Mirai,2026,198386e1ca6608978f24d1bcd6494dcc,48ced8d35619f7bc4d951e57c816031dd4161555,404a2348e028566d36fdf75cb736319d14e72b6c26596664350b222066d2ceee,https://bazaar.abuse.ch/sample/404a2348e028566d36fdf75cb736319d14e72b6c26596664350b222066d2ceee/,Si,https://www.virustotal.com/gui/file/404a2348e028566d36fdf75cb736319d14e72b6c26596664350b222066d2ceee,,,Linux / ELF,,,2026-05-29 06:36:06,iran.arc,124344,"31-56-209-72, mirai",BlinkzSec
323,Mirai,2026,cf23533028cc47f3476802e92c2e5cde,dd749f7225d2743a486ce96d7540c5ef37fb0918,dc69038f83d3ec23e4e5d77c61b581b07d16bdee56777c8ac61254cd23e0d4c2,https://bazaar.abuse.ch/sample/dc69038f83d3ec23e4e5d77c61b581b07d16bdee56777c8ac61254cd23e0d4c2/,Si,https://www.virustotal.com/gui/file/dc69038f83d3ec23e4e5d77c61b581b07d16bdee56777c8ac61254cd23e0d4c2,,,Linux / ELF,,,2026-05-29 06:36:08,iran.mipsrouter,202077,mirai,BlinkzSec
324,Mirai,2026,b7eba8cf2dca6a4ffe579f9226011f6a,a626629f6afbf9186fd8725153f7a56cac18e85e,fdf43583241472562429d0c890169ab02c9a2ca009b1d3746c6548ad70cae22f,https://bazaar.abuse.ch/sample/fdf43583241472562429d0c890169ab02c9a2ca009b1d3746c6548ad70cae22f/,Si,https://www.virustotal.com/gui/file/fdf43583241472562429d0c890169ab02c9a2ca009b1d3746c6548ad70cae22f,,,Linux / ELF,,,2026-05-29 06:36:08,iran.sh4,105056,mirai,BlinkzSec
325,Mirai,2026,bda4072c595508fa051a9ad51b78b785,5959f9e23b83c8471ab9922b367dc95c42ac8d65,45974c4e90dee6cbd1bf285d3c48755566c03e6c9ef20d0a8b2c9a9b772fa232,https://bazaar.abuse.ch/sample/45974c4e90dee6cbd1bf285d3c48755566c03e6c9ef20d0a8b2c9a9b772fa232/,Si,https://www.virustotal.com/gui/file/45974c4e90dee6cbd1bf285d3c48755566c03e6c9ef20d0a8b2c9a9b772fa232,,,Linux / ELF,,,2026-05-29 06:36:11,iran.sparc,11024,"31-56-209-72, mirai",BlinkzSec
326,Mirai,2026,5a9f795642d00d06ada7cda345004e0a,acd66674e6e5bf66542db36e4afe5f343dc937d0,410e7d8672a4aa7ccca8b2c98d7f2e11cb05f0f6d27c0ec7278bad9d7a7284ae,https://bazaar.abuse.ch/sample/410e7d8672a4aa7ccca8b2c98d7f2e11cb05f0f6d27c0ec7278bad9d7a7284ae/,Si,https://www.virustotal.com/gui/file/410e7d8672a4aa7ccca8b2c98d7f2e11cb05f0f6d27c0ec7278bad9d7a7284ae,,,Linux / ELF,,,2026-05-29 06:36:12,iran.powerpc,121508,"31-56-209-72, mirai",BlinkzSec
327,Mirai,2026,5403973d364c27a702caa9ae47ebbaf3,aa2f702281cd38f2d20de353bced6c268f9e49d3,22f8dc41d52f6fa43005fcd8928f108ed2222240f28708c902680499eef71993,https://bazaar.abuse.ch/sample/22f8dc41d52f6fa43005fcd8928f108ed2222240f28708c902680499eef71993/,Si,https://www.virustotal.com/gui/file/22f8dc41d52f6fa43005fcd8928f108ed2222240f28708c902680499eef71993,,,Linux / ELF,,,2026-05-29 06:47:11,22f8dc41d52f6fa43005fcd8928f108ed2222240f28708c902680499eef71993,153327,"31-56-209-72, elf, mirai",JAMESWT_WT
328,Mirai,2026,54f49151580d4cbb03f8fd7b41746310,6e95ebd9730bb95c44ec83802076300640506637,2c98e168d95f26e4c9ddf25ada6778f8a36be1dee67abe4d4aa4d8ca4d6f1807,https://bazaar.abuse.ch/sample/2c98e168d95f26e4c9ddf25ada6778f8a36be1dee67abe4d4aa4d8ca4d6f1807/,Si,https://www.virustotal.com/gui/file/2c98e168d95f26e4c9ddf25ada6778f8a36be1dee67abe4d4aa4d8ca4d6f1807,,,Linux / ELF,,,2026-05-29 07:09:54,Space.arm5,20524,"elf, mirai, UPX",abuse_ch
329,Mirai,2026,1a415108526a1f490b23261fbdcb75c6,d12ef4f4b96e6a0a48411c813e6f6e341cd2bd37,6e78e4a31c22495ba6215faa3fbca4343f2de912d5ed70344e0d70285160d478,https://bazaar.abuse.ch/sample/6e78e4a31c22495ba6215faa3fbca4343f2de912d5ed70344e0d70285160d478/,Si,https://www.virustotal.com/gui/file/6e78e4a31c22495ba6215faa3fbca4343f2de912d5ed70344e0d70285160d478,,,Linux / ELF,,,2026-05-29 07:09:55,Space.mips,38124,"elf, mirai, UPX",abuse_ch
330,Mirai,2026,ea13a4d53639e87bbecef32da883a039,e2a3e8698ca9fc09b99a8ae344e5db22f49a6d69,8a8456a52bcd361559ef9575782abe42f775baa5fbb9b1fac515ce5e0aa85d41,https://bazaar.abuse.ch/sample/8a8456a52bcd361559ef9575782abe42f775baa5fbb9b1fac515ce5e0aa85d41/,Si,https://www.virustotal.com/gui/file/8a8456a52bcd361559ef9575782abe42f775baa5fbb9b1fac515ce5e0aa85d41,,,Linux / ELF,,,2026-05-29 07:09:56,Space.arm6,40340,"elf, mirai, UPX",abuse_ch
331,Mirai,2026,fec2fba4c55f77917f8252b1c974753f,232396270a24985d5cb5e310875cf5fffcfd87c5,c5ef3b135e2a0e79c30e8ca119ec94f1e4eea402d85968feb61ffb3e47e02318,https://bazaar.abuse.ch/sample/c5ef3b135e2a0e79c30e8ca119ec94f1e4eea402d85968feb61ffb3e47e02318/,Si,https://www.virustotal.com/gui/file/c5ef3b135e2a0e79c30e8ca119ec94f1e4eea402d85968feb61ffb3e47e02318,,,Linux / ELF,,,2026-05-29 07:09:58,Space.arm7,61844,"elf, mirai, UPX",abuse_ch
332,Mirai,2026,b66c1bf6387adc5507760ef6d4e5056c,1269a328b1745d0852819530876333b9a97e8573,b82dbe6ed452a59ea7a7f7cf61e61d3815a3707580a5bbd7d5c3be3176161c63,https://bazaar.abuse.ch/sample/b82dbe6ed452a59ea7a7f7cf61e61d3815a3707580a5bbd7d5c3be3176161c63/,Si,https://www.virustotal.com/gui/file/b82dbe6ed452a59ea7a7f7cf61e61d3815a3707580a5bbd7d5c3be3176161c63,,,Linux / ELF,,,2026-05-29 07:09:59,Space.arc,115992,"elf, mirai",abuse_ch
333,Mirai,2026,2b44f8e70f9a5caf3fd7207de8e13a13,be21a058db265d437ee791cbd5dac52c74e86b43,a0144ea706f5ed851450803d3bbb41ebce27a5e179411c71fbb8e8b6acf08355,https://bazaar.abuse.ch/sample/a0144ea706f5ed851450803d3bbb41ebce27a5e179411c71fbb8e8b6acf08355/,Si,https://www.virustotal.com/gui/file/a0144ea706f5ed851450803d3bbb41ebce27a5e179411c71fbb8e8b6acf08355,,,Linux / ELF,,,2026-05-29 07:10:01,Space.mpsl,38648,"elf, mirai, UPX",abuse_ch
334,Mirai,2026,46ecfb7d9687435ba30a0b5c75e0819d,105f97880c051bb7efa76a758a29840033c16aad,8ef01995e900bd0209e553ed4d35ff2920c8046407930fdfb3e109e9555f36d5,https://bazaar.abuse.ch/sample/8ef01995e900bd0209e553ed4d35ff2920c8046407930fdfb3e109e9555f36d5/,Si,https://www.virustotal.com/gui/file/8ef01995e900bd0209e553ed4d35ff2920c8046407930fdfb3e109e9555f36d5,,,Linux / ELF,,,2026-05-29 07:10:02,Space.x86,34896,"elf, mirai, UPX",abuse_ch
335,Mirai,2026,ecc51f35453cdfa81498c07b81e57ba5,7ead8ff27ac74a02ed31a295b32584d45c41bb78,c56521ea32ed31b9b1cd4f1e54dad0d8cc66b4e7b430a7dd4232cbb8c05a5e46,https://bazaar.abuse.ch/sample/c56521ea32ed31b9b1cd4f1e54dad0d8cc66b4e7b430a7dd4232cbb8c05a5e46/,Si,https://www.virustotal.com/gui/file/c56521ea32ed31b9b1cd4f1e54dad0d8cc66b4e7b430a7dd4232cbb8c05a5e46,,,Linux / ELF,,,2026-05-29 07:10:04,i686,7233720,"DDOSAgent, elf, mirai",abuse_ch
336,Mirai,2026,ee675109f79f08edc0381775c0239a92,63d79c6903194024bb68b70c28c0a1e2adeb44ce,be0be213bfb806a30fad68ab43e9b25834b835cccdb9109e98a8693a81fe3c29,https://bazaar.abuse.ch/sample/be0be213bfb806a30fad68ab43e9b25834b835cccdb9109e98a8693a81fe3c29/,Si,https://www.virustotal.com/gui/file/be0be213bfb806a30fad68ab43e9b25834b835cccdb9109e98a8693a81fe3c29,,,Linux / ELF,,,2026-05-29 07:10:06,Space.sh4,67252,"elf, mirai",abuse_ch
337,Mirai,2026,0916fc86c24a649ff398e862cec1dade,f37f458d6603fc920a993216909dd4b651ac607f,e5e0909e0894708ca368a7c56651018c00c406339de5ebeeb89cef71db115880,https://bazaar.abuse.ch/sample/e5e0909e0894708ca368a7c56651018c00c406339de5ebeeb89cef71db115880/,Si,https://www.virustotal.com/gui/file/e5e0909e0894708ca368a7c56651018c00c406339de5ebeeb89cef71db115880,,,Linux / ELF,,,2026-05-29 07:10:07,Space.m68k,84956,"elf, mirai",abuse_ch
338,Mirai,2026,35b9ba8126ce527dae86998e814f80cd,f3bb2144f028302d030f9457ec102e1cd871b932,f01124b657c9b751f9f4e613f683fb249ea7bcd71b2c4f7f5dc56b7ecd1ac636,https://bazaar.abuse.ch/sample/f01124b657c9b751f9f4e613f683fb249ea7bcd71b2c4f7f5dc56b7ecd1ac636/,Si,https://www.virustotal.com/gui/file/f01124b657c9b751f9f4e613f683fb249ea7bcd71b2c4f7f5dc56b7ecd1ac636,,,Linux / ELF,,,2026-05-29 07:10:08,Space.arm,36832,"elf, mirai, UPX",abuse_ch
339,Mirai,2026,dae6a036c220fb286c9341d5343f847b,95ce6d4a8f33dc76fe5c64bba7c0b4e50abc9346,e29f245dec20f3ae2a1948e6883c8ae66eff299a5c7324c6974784c03914171f,https://bazaar.abuse.ch/sample/e29f245dec20f3ae2a1948e6883c8ae66eff299a5c7324c6974784c03914171f/,Si,https://www.virustotal.com/gui/file/e29f245dec20f3ae2a1948e6883c8ae66eff299a5c7324c6974784c03914171f,,,Linux / ELF,,,2026-05-29 07:10:10,Space.ppc,35100,"elf, mirai, UPX",abuse_ch
340,Mirai,2026,08b3e578657067d60f497072954393c5,58f04a4ba31d0ac4e158b465be08a451385beb11,7f3f9dfeb2741a2b95332e99c07688885a1798918af6bc188ace8db7111e2aca,https://bazaar.abuse.ch/sample/7f3f9dfeb2741a2b95332e99c07688885a1798918af6bc188ace8db7111e2aca/,Si,https://www.virustotal.com/gui/file/7f3f9dfeb2741a2b95332e99c07688885a1798918af6bc188ace8db7111e2aca,,,Linux / ELF,,,2026-05-29 07:10:11,Space.i686,35948,"elf, mirai, UPX",abuse_ch
341,Mirai,2026,404f3d176d92d1b5ddb8ce6ac1d00379,70accaf977720a3b4907855b45672fc887c3caf3,92378005bfd186df0499f024e6234787961713220e0743970f847f84911a3e47,https://bazaar.abuse.ch/sample/92378005bfd186df0499f024e6234787961713220e0743970f847f84911a3e47/,Si,https://www.virustotal.com/gui/file/92378005bfd186df0499f024e6234787961713220e0743970f847f84911a3e47,,,Linux / ELF,,,2026-05-29 07:10:52,Space.arm5,42788,"elf, mirai, upx-dec",abuse_ch
342,Mirai,2026,c199a0aa35331ca44853bf7b4db14022,2834a6a065c8cddcd3010b30c13c88b287380204,e932cb84733a4edb3560a7912424500b2e263efe8cc22a927a5dbdbcf2298f81,https://bazaar.abuse.ch/sample/e932cb84733a4edb3560a7912424500b2e263efe8cc22a927a5dbdbcf2298f81/,Si,https://www.virustotal.com/gui/file/e932cb84733a4edb3560a7912424500b2e263efe8cc22a927a5dbdbcf2298f81,,,Linux / ELF,,,2026-05-29 07:10:56,Space.mips,101188,"elf, mirai, upx-dec",abuse_ch
343,Mirai,2026,7add0d05f796b59a687f373054e2298c,f4fd56e57412aa0d9b8acbc9fe18fa662da5a664,fa1848aa8576598ed5050ee3ec4bc501425dd41f89e86506fa27a46902831437,https://bazaar.abuse.ch/sample/fa1848aa8576598ed5050ee3ec4bc501425dd41f89e86506fa27a46902831437/,Si,https://www.virustotal.com/gui/file/fa1848aa8576598ed5050ee3ec4bc501425dd41f89e86506fa27a46902831437,,,Linux / ELF,,,2026-05-29 07:11:00,Space.arm6,87348,"elf, mirai, upx-dec",abuse_ch
344,Mirai,2026,85dc24c80e6de347d85a2e8a78125c94,e2c3f294c3510ad85f0bfaec3f1975c356a07d2b,820394de350a6c3f9c6c9135f1846fb172492b4f2dd7bbc5132b8ff2bc377b29,https://bazaar.abuse.ch/sample/820394de350a6c3f9c6c9135f1846fb172492b4f2dd7bbc5132b8ff2bc377b29/,Si,https://www.virustotal.com/gui/file/820394de350a6c3f9c6c9135f1846fb172492b4f2dd7bbc5132b8ff2bc377b29,,,Linux / ELF,,,2026-05-29 07:11:02,Space.arm7,159412,"elf, mirai, upx-dec",abuse_ch
345,Mirai,2026,dc55833dd4610563c58a53297c00bf8d,92b7c278a52a8d419a978f0481e15868a9ec099d,e1c8a2fb632c2ff06e7e898bb249236403ac0a2e92a323fec266bc3f650df38d,https://bazaar.abuse.ch/sample/e1c8a2fb632c2ff06e7e898bb249236403ac0a2e92a323fec266bc3f650df38d/,Si,https://www.virustotal.com/gui/file/e1c8a2fb632c2ff06e7e898bb249236403ac0a2e92a323fec266bc3f650df38d,,,Linux / ELF,,,2026-05-29 07:11:14,Space.mpsl,101188,"elf, mirai, upx-dec",abuse_ch
346,Mirai,2026,b64fad9e1f662fc1e1136fa9c2cd636d,7cb3fec2edd955370dff24114f069516e5491fd5,8927b93a4cc38c705cea2e5fee28fb9782ac9896752c3731e9913101a407a65f,https://bazaar.abuse.ch/sample/8927b93a4cc38c705cea2e5fee28fb9782ac9896752c3731e9913101a407a65f/,Si,https://www.virustotal.com/gui/file/8927b93a4cc38c705cea2e5fee28fb9782ac9896752c3731e9913101a407a65f,,,Linux / ELF,,,2026-05-29 07:11:20,Space.x86,70740,"elf, mirai, upx-dec",abuse_ch
347,Mirai,2026,0262922a1102cf55ff856d6fa1205258,5e62fd0f6e3274ae2c84e0407e8a7381d921f698,b05968cdb8279c7ac74ec23b0e16fda6f1e85af533caf0a008817e03d2f3def4,https://bazaar.abuse.ch/sample/b05968cdb8279c7ac74ec23b0e16fda6f1e85af533caf0a008817e03d2f3def4/,Si,https://www.virustotal.com/gui/file/b05968cdb8279c7ac74ec23b0e16fda6f1e85af533caf0a008817e03d2f3def4,,,Linux / ELF,,,2026-05-29 07:11:42,Space.arm,79168,"elf, mirai, upx-dec",abuse_ch
348,Mirai,2026,3ca8f438f02e9e1a5722b9f260173038,dfef603b3857e29de52a11e6a9808b6682e5a10d,f7ba5b3632424eefc134618c345b76ce74613215c64184132cbfc0024d3a62b4,https://bazaar.abuse.ch/sample/f7ba5b3632424eefc134618c345b76ce74613215c64184132cbfc0024d3a62b4/,Si,https://www.virustotal.com/gui/file/f7ba5b3632424eefc134618c345b76ce74613215c64184132cbfc0024d3a62b4,,,Linux / ELF,,,2026-05-29 07:11:46,Space.ppc,75184,"elf, mirai, upx-dec",abuse_ch
349,Mirai,2026,e5ed691b7b82cd2f41eb3035a00da4c9,f6e02f0a39e824b200611a5cf9977a12e4e4c695,7d80f4508ee1cbabdc4b5a813d5cef0a00731b3a064bf1afb0cb4a24522661be,https://bazaar.abuse.ch/sample/7d80f4508ee1cbabdc4b5a813d5cef0a00731b3a064bf1afb0cb4a24522661be/,Si,https://www.virustotal.com/gui/file/7d80f4508ee1cbabdc4b5a813d5cef0a00731b3a064bf1afb0cb4a24522661be,,,Linux / ELF,,,2026-05-29 07:11:50,Space.i686,74836,"elf, mirai, upx-dec",abuse_ch
350,Mirai,2026,f7a1ccec860c381a41d1119b9b051afa,d25c0d9ccc811629aab8019c11155feaa8e03853,4bff8b25d25c8731d934c89f747ee55205be028cd4919abe7d72c8d89e423309,https://bazaar.abuse.ch/sample/4bff8b25d25c8731d934c89f747ee55205be028cd4919abe7d72c8d89e423309/,Si,https://www.virustotal.com/gui/file/4bff8b25d25c8731d934c89f747ee55205be028cd4919abe7d72c8d89e423309,,,Linux / ELF,,,2026-05-29 07:49:44,4bff8b25d25c8731d934c89f747ee55205be028cd4919abe7d72c8d89e423309,144540,"elf, mirai, wraith",c2hunter
351,Mirai,2026,a0177269645abf56193ed275f738cdc2,5aeded6519ab133d1f76a73ee2ce7bb17651c478,99c63f90317beec9f1017d5a5951cf43143c848331cb3f41f481a0c8e62d2ec0,https://bazaar.abuse.ch/sample/99c63f90317beec9f1017d5a5951cf43143c848331cb3f41f481a0c8e62d2ec0/,Si,https://www.virustotal.com/gui/file/99c63f90317beec9f1017d5a5951cf43143c848331cb3f41f481a0c8e62d2ec0,,,Linux / ELF,,,2026-05-29 07:49:46,99c63f90317beec9f1017d5a5951cf43143c848331cb3f41f481a0c8e62d2ec0,74880,"elf, mirai, wraith",c2hunter
352,Mirai,2026,2bc944283530012848115b06a7f5cdca,24055d64d7de13340abb1741cd13f9f330247073,90e1d27c710e3fbe455b2a047880acd076410a246a019fdd6ce8007610ec1748,https://bazaar.abuse.ch/sample/90e1d27c710e3fbe455b2a047880acd076410a246a019fdd6ce8007610ec1748/,Si,https://www.virustotal.com/gui/file/90e1d27c710e3fbe455b2a047880acd076410a246a019fdd6ce8007610ec1748,,,Linux / ELF,,,2026-05-29 07:49:47,90e1d27c710e3fbe455b2a047880acd076410a246a019fdd6ce8007610ec1748,102540,"elf, mirai, wraith",c2hunter
353,Mirai,2026,492c88026db9f674fc5f2e94658cf2f4,2f836f37570d007318ad8e5b6a0b03677d6b571e,d503c43061b795982f53851e66ae2679f6887c2897453b6a6c8d66b5cb4a8cc0,https://bazaar.abuse.ch/sample/d503c43061b795982f53851e66ae2679f6887c2897453b6a6c8d66b5cb4a8cc0/,Si,https://www.virustotal.com/gui/file/d503c43061b795982f53851e66ae2679f6887c2897453b6a6c8d66b5cb4a8cc0,,,Linux / ELF,,,2026-05-29 07:49:49,d503c43061b795982f53851e66ae2679f6887c2897453b6a6c8d66b5cb4a8cc0,99228,"elf, mirai, wraith",c2hunter
354,Mirai,2026,c141ffa7d892eb54692a71cd167ec239,dc1093579f8b5ad94e43b7b74930cb0a8c1f5c10,d602aeb44313cc07b6e0f9877efd66198fdf8fb0e29d23cfead06da93331a40b,https://bazaar.abuse.ch/sample/d602aeb44313cc07b6e0f9877efd66198fdf8fb0e29d23cfead06da93331a40b/,Si,https://www.virustotal.com/gui/file/d602aeb44313cc07b6e0f9877efd66198fdf8fb0e29d23cfead06da93331a40b,,,Linux / ELF,,,2026-05-29 08:11:37,iran.i486,78632,"elf, mirai",abuse_ch
355,Mirai,2026,1cacdca7ba9b41a5ffa9229c00ec3635,00e067850380ec30f6f9e979d26ed538715822f1,dc7ee9cab7b34054b067e281afa0f72a9f710b5608d2135506558bcde26fbb96,https://bazaar.abuse.ch/sample/dc7ee9cab7b34054b067e281afa0f72a9f710b5608d2135506558bcde26fbb96/,Si,https://www.virustotal.com/gui/file/dc7ee9cab7b34054b067e281afa0f72a9f710b5608d2135506558bcde26fbb96,,,Linux / ELF,,,2026-05-29 09:56:31,boatnet.arm6,27300,"mirai, UPX",BlinkzSec
356,Mirai,2026,cacca7948ae1237818dd6144588741e8,92af8b1743e18ca45ce1f4e0101ab76804cbd8b4,ff151ed18defe4a5b59480a4c730968f711f4cc4477cf802e100b56dad695efd,https://bazaar.abuse.ch/sample/ff151ed18defe4a5b59480a4c730968f711f4cc4477cf802e100b56dad695efd/,Si,https://www.virustotal.com/gui/file/ff151ed18defe4a5b59480a4c730968f711f4cc4477cf802e100b56dad695efd,,,Linux / ELF,,,2026-05-29 09:56:32,boatnet.m68k,54932,mirai,BlinkzSec
357,Mirai,2026,52fff451b95d9c8dd35ccb290dfc696b,cb38897ce0514582266cc2857fdb5ad04598462d,16b83de3819f4a952a276989c9a2bb6f19a6a6ff155bc9bfac05423e6dda462f,https://bazaar.abuse.ch/sample/16b83de3819f4a952a276989c9a2bb6f19a6a6ff155bc9bfac05423e6dda462f/,Si,https://www.virustotal.com/gui/file/16b83de3819f4a952a276989c9a2bb6f19a6a6ff155bc9bfac05423e6dda462f,,,Linux / ELF,,,2026-05-29 09:56:33,boatnet.arc,107800,mirai,BlinkzSec
358,Mirai,2026,ae9defa23cfac7e8e1181db07f5f7972,63c424be720c93947c942f366d003ea709a302f9,45431a93bb87ce95c8dfac027c477738048b708a4456ed2164fbe92529ac9353,https://bazaar.abuse.ch/sample/45431a93bb87ce95c8dfac027c477738048b708a4456ed2164fbe92529ac9353/,Si,https://www.virustotal.com/gui/file/45431a93bb87ce95c8dfac027c477738048b708a4456ed2164fbe92529ac9353,,,Linux / ELF,,,2026-05-29 09:56:33,boatnet.mips,23784,"mirai, UPX",BlinkzSec
359,Mirai,2026,639f95a8512df44462107b56857dfeeb,7b5fe1c2addfa7659fd716bda7d85e212ecdb3fb,703488c54fb190d98f41bbcad2aacfd1303ccc86f3d608982ade3d213b654d44,https://bazaar.abuse.ch/sample/703488c54fb190d98f41bbcad2aacfd1303ccc86f3d608982ade3d213b654d44/,Si,https://www.virustotal.com/gui/file/703488c54fb190d98f41bbcad2aacfd1303ccc86f3d608982ade3d213b654d44,,,Linux / ELF,,,2026-05-29 09:56:33,boatnet.arm,22160,"mirai, UPX",BlinkzSec
360,Mirai,2026,814f302d0fea5e0d22638903f18559da,37f3a408bf8ea3d9f6f12a423551d875bd51d17a,904f922a5d8d3ae7d6469d79462ddfa182e14f52114de9c8224c6dc31dfdfd2f,https://bazaar.abuse.ch/sample/904f922a5d8d3ae7d6469d79462ddfa182e14f52114de9c8224c6dc31dfdfd2f/,Si,https://www.virustotal.com/gui/file/904f922a5d8d3ae7d6469d79462ddfa182e14f52114de9c8224c6dc31dfdfd2f,,,Linux / ELF,,,2026-05-29 09:56:33,boatnet.arm5,18488,"mirai, UPX",BlinkzSec
361,Mirai,2026,f44a4e0bac5f9dce49db1b292d6dfe8c,802bc19c072f54e47d002c0f9450352606542aa8,f884e31a8847ba08ca7ca56207685738019410f76ad3bdcaa6e3f15fcd077e40,https://bazaar.abuse.ch/sample/f884e31a8847ba08ca7ca56207685738019410f76ad3bdcaa6e3f15fcd077e40/,Si,https://www.virustotal.com/gui/file/f884e31a8847ba08ca7ca56207685738019410f76ad3bdcaa6e3f15fcd077e40,,,Linux / ELF,,,2026-05-29 09:56:33,boatnet.arm7,46624,"mirai, UPX",BlinkzSec
362,Mirai,2026,1e6406729eb0eb9bfc40c9816f890254,788555b8188a19830eeaf90a1726f46c92672286,64b09a7911309bd8e6e47bc1f89db193151ca0f6db8f61d152d05a2f8544fd20,https://bazaar.abuse.ch/sample/64b09a7911309bd8e6e47bc1f89db193151ca0f6db8f61d152d05a2f8544fd20/,Si,https://www.virustotal.com/gui/file/64b09a7911309bd8e6e47bc1f89db193151ca0f6db8f61d152d05a2f8544fd20,,,Linux / ELF,,,2026-05-29 09:56:34,boatnet.sh4,50168,mirai,BlinkzSec
363,Mirai,2026,4588810c710fa2abfbbc5f4f0beed92b,ea61b62efa9c3bf5fb6c88b199b6292109b8893e,bd940cbda3c4d2fa564dc83dcacbc4bdd58b14091e29a3afb6400b8d38161251,https://bazaar.abuse.ch/sample/bd940cbda3c4d2fa564dc83dcacbc4bdd58b14091e29a3afb6400b8d38161251/,Si,https://www.virustotal.com/gui/file/bd940cbda3c4d2fa564dc83dcacbc4bdd58b14091e29a3afb6400b8d38161251,,,Linux / ELF,,,2026-05-29 09:56:34,boatnet.mpsl,24912,"mirai, UPX",BlinkzSec
364,Mirai,2026,0dd300a9da3fcdb74b79b11a53939a14,f6c5bd515c1b1d9761d6ec9503f6d255859632fc,c5dd75ed2465781df3a9aa79a8b8b3be2bce9da13fc1e7fa259611d969f589b2,https://bazaar.abuse.ch/sample/c5dd75ed2465781df3a9aa79a8b8b3be2bce9da13fc1e7fa259611d969f589b2/,Si,https://www.virustotal.com/gui/file/c5dd75ed2465781df3a9aa79a8b8b3be2bce9da13fc1e7fa259611d969f589b2,,,Linux / ELF,,,2026-05-29 09:56:35,boatnet.spc,58376,mirai,BlinkzSec
365,Mirai,2026,7153e9dd57e3ac20f0b99df49f2a819d,8796df906c2a92fe31020b6fb737dcff1ec25f2c,c6727a89b0fd9e8c5e795632d4754fcfb4526e82d09d8322e340a1e70e4bf606,https://bazaar.abuse.ch/sample/c6727a89b0fd9e8c5e795632d4754fcfb4526e82d09d8322e340a1e70e4bf606/,Si,https://www.virustotal.com/gui/file/c6727a89b0fd9e8c5e795632d4754fcfb4526e82d09d8322e340a1e70e4bf606,,,Linux / ELF,,,2026-05-29 09:56:35,boatnet.ppc,21884,"mirai, UPX",BlinkzSec
366,Mirai,2026,f5bc00d2d97c475cbf501b072d90a733,e5487d6f8f1aea3228edcc7dd0b353501a533416,eb4ba2065848b7d53a013cec0f5ea9def0864c828f59ca873397f769beecc681,https://bazaar.abuse.ch/sample/eb4ba2065848b7d53a013cec0f5ea9def0864c828f59ca873397f769beecc681/,Si,https://www.virustotal.com/gui/file/eb4ba2065848b7d53a013cec0f5ea9def0864c828f59ca873397f769beecc681,,,Linux / ELF,,,2026-05-29 09:56:35,boatnet.x86,21500,"mirai, UPX",BlinkzSec
367,Mirai,2026,ddb04bd4f94a4217e045869bc4e9c88a,1f4fce7a1feb2d18f3f5bb8d6cbab7b01ec53a1a,c4b587c4ad30aa78ae1be54463778d7f421fef56d6308684c03681d034880c74,https://bazaar.abuse.ch/sample/c4b587c4ad30aa78ae1be54463778d7f421fef56d6308684c03681d034880c74/,Si,https://www.virustotal.com/gui/file/c4b587c4ad30aa78ae1be54463778d7f421fef56d6308684c03681d034880c74,,,Linux / ELF,,,2026-05-29 09:57:28,boatnet.arm6,66864,"elf, mirai, upx-dec",abuse_ch
368,Mirai,2026,83d405e897522a30b83bbb1d0caf05c4,b6b8a23a3f826c647a4b8841e29f24775ecac6c1,e4902d5374b672d554d5bd8459c6c93befb36e24f689fd55131822a52237d39c,https://bazaar.abuse.ch/sample/e4902d5374b672d554d5bd8459c6c93befb36e24f689fd55131822a52237d39c/,Si,https://www.virustotal.com/gui/file/e4902d5374b672d554d5bd8459c6c93befb36e24f689fd55131822a52237d39c,,,Linux / ELF,,,2026-05-29 09:57:32,boatnet.arm7,129940,"elf, mirai, upx-dec",abuse_ch
369,Mirai,2026,4b934b72c82a2c3fd74823d58ac19351,e893d1fd0ba39678276213e70a6aa48de6cf3644,c376c4e8a21cf863f479434d8178434cbb5b665c3cb1a7a7d0e03edd4da02204,https://bazaar.abuse.ch/sample/c376c4e8a21cf863f479434d8178434cbb5b665c3cb1a7a7d0e03edd4da02204/,Si,https://www.virustotal.com/gui/file/c376c4e8a21cf863f479434d8178434cbb5b665c3cb1a7a7d0e03edd4da02204,,,Linux / ELF,,,2026-05-29 09:57:35,boatnet.arm,56160,"elf, mirai, upx-dec",abuse_ch
370,Mirai,2026,02e2d0d70219d80d55d1baea26dbe4d8,735f4773840736ff60c7d78a37f8a56c11491073,e27c27c5b454df4b5374dbae917d1f41f82385bda6e6fce63b2eaedebaace454,https://bazaar.abuse.ch/sample/e27c27c5b454df4b5374dbae917d1f41f82385bda6e6fce63b2eaedebaace454/,Si,https://www.virustotal.com/gui/file/e27c27c5b454df4b5374dbae917d1f41f82385bda6e6fce63b2eaedebaace454,,,Linux / ELF,,,2026-05-29 09:57:38,boatnet.arm5,47096,"elf, mirai, upx-dec",abuse_ch
371,Mirai,2026,69cbe7c296532e0dda0af9a718cdf7d5,4bf5017ad8a83040ba9a1282436175b57ad83ed8,d5e259cca9bcf31b635d1fd29958e56b3d72b058bc6a35dea9a8e74a6dddb2b9,https://bazaar.abuse.ch/sample/d5e259cca9bcf31b635d1fd29958e56b3d72b058bc6a35dea9a8e74a6dddb2b9/,Si,https://www.virustotal.com/gui/file/d5e259cca9bcf31b635d1fd29958e56b3d72b058bc6a35dea9a8e74a6dddb2b9,,,Linux / ELF,,,2026-05-29 09:57:40,boatnet.mips,72024,"elf, mirai, upx-dec",abuse_ch
372,Mirai,2026,81174c364842e627464beefb59e4678b,7c930f1686ce51801b889fef97b0c4cf71d7e0ee,d157b6505220f50d286020848830814a51b32cd58a82cd77ee51b2ebfb54e2ab,https://bazaar.abuse.ch/sample/d157b6505220f50d286020848830814a51b32cd58a82cd77ee51b2ebfb54e2ab/,Si,https://www.virustotal.com/gui/file/d157b6505220f50d286020848830814a51b32cd58a82cd77ee51b2ebfb54e2ab,,,Linux / ELF,,,2026-05-29 09:57:43,boatnet.mpsl,76120,"elf, mirai, upx-dec",abuse_ch
373,Mirai,2026,54851395c96df5c1ad9e7842887b3e70,030e6f235b8486a57d98aab3f0419455586a0707,b8f02f48c4b50a142d6fd9aa180a48e2208285769cbdbbf5399348bd77a9ee5d,https://bazaar.abuse.ch/sample/b8f02f48c4b50a142d6fd9aa180a48e2208285769cbdbbf5399348bd77a9ee5d/,Si,https://www.virustotal.com/gui/file/b8f02f48c4b50a142d6fd9aa180a48e2208285769cbdbbf5399348bd77a9ee5d,,,Linux / ELF,,,2026-05-29 09:57:46,boatnet.ppc,54364,"elf, mirai, upx-dec",abuse_ch
374,Mirai,2026,e265f99efcdef52a0a67568bea541e75,0341688eb9ef30318f84ffe3da73578705cf3df4,13a39e4fba0f697ac30e38ff9fd29936956bdd4c85a7f63df64cc01401be8f16,https://bazaar.abuse.ch/sample/13a39e4fba0f697ac30e38ff9fd29936956bdd4c85a7f63df64cc01401be8f16/,Si,https://www.virustotal.com/gui/file/13a39e4fba0f697ac30e38ff9fd29936956bdd4c85a7f63df64cc01401be8f16,,,Linux / ELF,,,2026-05-29 09:57:48,boatnet.x86,49936,"elf, mirai, upx-dec",abuse_ch
375,Mirai,2026,b253d108ef2b42394fdde142dc9f6391,f984ca06f4863fc2b8fba5c3cfa5ce99ae5e2322,3ceb5dfb6583e055c5da0e320926e3373907897b5a51e9292cd5d24175ba06a5,https://bazaar.abuse.ch/sample/3ceb5dfb6583e055c5da0e320926e3373907897b5a51e9292cd5d24175ba06a5/,Si,https://www.virustotal.com/gui/file/3ceb5dfb6583e055c5da0e320926e3373907897b5a51e9292cd5d24175ba06a5,,,Linux / ELF,,,2026-05-29 10:32:45,3ceb5dfb6583e055c5da0e320926e3373907897b5a51e9292cd5d24175ba06a5,131344,"elf, mirai, wraith",c2hunter
376,Mirai,2026,c4c7cfd233b00dd3ee137965dcda4c99,58e3784e1de17912b63a27706ca7fa4d9da8a23d,ef5a28d646b6e8e23d4f192e511d42f3d1ced842a503397f05e5d8abcee59ae8,https://bazaar.abuse.ch/sample/ef5a28d646b6e8e23d4f192e511d42f3d1ced842a503397f05e5d8abcee59ae8/,Si,https://www.virustotal.com/gui/file/ef5a28d646b6e8e23d4f192e511d42f3d1ced842a503397f05e5d8abcee59ae8,,,Linux / ELF,,,2026-05-29 13:00:36,iran.i486,78588,"elf, mirai",abuse_ch
377,Mirai,2026,f9418b64120ba837e91cc6789278027d,cfac26e5edf044520f54a69ceba27fc4f7533bab,2f7f824aa12445a4328bb2450b83606435b15a0a08670687469dac18050b1159,https://bazaar.abuse.ch/sample/2f7f824aa12445a4328bb2450b83606435b15a0a08670687469dac18050b1159/,Si,https://www.virustotal.com/gui/file/2f7f824aa12445a4328bb2450b83606435b15a0a08670687469dac18050b1159,,,Linux / ELF,,,2026-05-29 13:00:37,iran.sparc,21240,"elf, mirai",abuse_ch
378,Mirai,2026,76953aa52fe434fa55b46cb6c4510a05,29511dea583a8fc5223c09b51c19bd1c98172817,121448bb3eb771de731d4d5ca51d0fdd1b1282369db7ced0e6126992f009d114,https://bazaar.abuse.ch/sample/121448bb3eb771de731d4d5ca51d0fdd1b1282369db7ced0e6126992f009d114/,Si,https://www.virustotal.com/gui/file/121448bb3eb771de731d4d5ca51d0fdd1b1282369db7ced0e6126992f009d114,,,Linux / ELF,,,2026-05-29 13:02:46,iran.armv4l,134520,"elf, mirai",abuse_ch
379,Mirai,2026,5f8b6737c61ffa7333347eba9d086d0a,8c7524720672473e906b5b2e21c960dee5a67f7d,a7370d4f898fa86576d9d5e5e3a938654fb44e084e06ac42d26437193d68e45b,https://bazaar.abuse.ch/sample/a7370d4f898fa86576d9d5e5e3a938654fb44e084e06ac42d26437193d68e45b/,Si,https://www.virustotal.com/gui/file/a7370d4f898fa86576d9d5e5e3a938654fb44e084e06ac42d26437193d68e45b,,,Linux / ELF,,,2026-05-29 13:04:37,iran.sh4,118552,"elf, mirai",abuse_ch
380,Mirai,2026,70db93b08354f43a3ea27a9316fa08d0,fbf734650d4eb8744b2b701e493f4b3f3d85c100,17ecee93790bbad27e165cac40b8f5d856b5130207961ad373c9a130663086c8,https://bazaar.abuse.ch/sample/17ecee93790bbad27e165cac40b8f5d856b5130207961ad373c9a130663086c8/,Si,https://www.virustotal.com/gui/file/17ecee93790bbad27e165cac40b8f5d856b5130207961ad373c9a130663086c8,,,Linux / ELF,,,2026-05-29 13:10:38,iran.armv5l,130904,"elf, mirai",abuse_ch
381,Mirai,2026,9ff21392b6d4b089b478b1013d0234da,5d9a7d7482333a9404b761312773bf6c8d99a14f,9d27e77c4a3859313fe4dba4c5f8583293c451797736f2c78832820116c19629,https://bazaar.abuse.ch/sample/9d27e77c4a3859313fe4dba4c5f8583293c451797736f2c78832820116c19629/,Si,https://www.virustotal.com/gui/file/9d27e77c4a3859313fe4dba4c5f8583293c451797736f2c78832820116c19629,,,Linux / ELF,,,2026-05-29 13:10:40,bot.x86_64,949272,"elf, mirai",abuse_ch
382,Mirai,2026,d6c1f533575d7d36d8300d546c76b80a,836158521fa0cf2448bc984a2194351c970df9cd,ea7e3c066df00078c761ed29dcde1a0f5686ff5007aed56a560e3a30665fb510,https://bazaar.abuse.ch/sample/ea7e3c066df00078c761ed29dcde1a0f5686ff5007aed56a560e3a30665fb510/,Si,https://www.virustotal.com/gui/file/ea7e3c066df00078c761ed29dcde1a0f5686ff5007aed56a560e3a30665fb510,,,Linux / ELF,,,2026-05-29 13:14:38,iran.mips,181556,"elf, mirai",abuse_ch
383,Mirai,2026,e0a492b634e79f006a1c1761940dfcdf,36e6cd8b9c7a26c1caa044c16c8fe38f318a71a2,00ae2c03716b0dac432f6f5787c6be915b1c37c967474318a0d9c4efb09a5548,https://bazaar.abuse.ch/sample/00ae2c03716b0dac432f6f5787c6be915b1c37c967474318a0d9c4efb09a5548/,Si,https://www.virustotal.com/gui/file/00ae2c03716b0dac432f6f5787c6be915b1c37c967474318a0d9c4efb09a5548,,,Linux / ELF,,,2026-05-29 13:14:39,iran.armv6l,146036,"elf, mirai",abuse_ch
384,Mirai,2026,d4c8565c732f31c7bc648cb205b75b45,14005728e8beef17932137e67bf39c48b961d93b,ae1577c08a0f0edf0208d31087e8a7037fd12fd992876a4e795782f7c026aca3,https://bazaar.abuse.ch/sample/ae1577c08a0f0edf0208d31087e8a7037fd12fd992876a4e795782f7c026aca3/,Si,https://www.virustotal.com/gui/file/ae1577c08a0f0edf0208d31087e8a7037fd12fd992876a4e795782f7c026aca3,,,Linux / ELF,,,2026-05-29 13:30:36,iran.powerpc,136412,"elf, mirai",abuse_ch
385,Mirai,2026,5e3bb171d58eca338e5b2e3785f75ff2,c17fb63fe76627c7f3390f79b559590e8136a5fc,9239380fca957e4698fda0aaeafa5c4e04185a1ca95456618644f25d2e038f35,https://bazaar.abuse.ch/sample/9239380fca957e4698fda0aaeafa5c4e04185a1ca95456618644f25d2e038f35/,Si,https://www.virustotal.com/gui/file/9239380fca957e4698fda0aaeafa5c4e04185a1ca95456618644f25d2e038f35,,,Linux / ELF,,,2026-05-29 13:34:37,iran.x86_64,55340,"elf, mirai, UPX",abuse_ch
386,Mirai,2026,29c51a1a8a619719f902e4c9b3f52bd1,c307ea69fa9aa9286b46b46b46599230a7a11805,4ac059bc558dfee8d337f28d0cda9af5c3dcadb0649d138e428aa49e3762d758,https://bazaar.abuse.ch/sample/4ac059bc558dfee8d337f28d0cda9af5c3dcadb0649d138e428aa49e3762d758/,Si,https://www.virustotal.com/gui/file/4ac059bc558dfee8d337f28d0cda9af5c3dcadb0649d138e428aa49e3762d758,,,Linux / ELF,,,2026-05-29 13:35:49,iran.x86_64,139720,"elf, mirai, upx-dec",abuse_ch
387,Mirai,2026,a9f4b4c99cf65c2187f024696aea81bd,e5bf852a2ce7fb2e3194aec83e04a53e22809708,c4fadfdcd471e66515d5426839eb93f5f04ce85a061ae629c7ef599892034f12,https://bazaar.abuse.ch/sample/c4fadfdcd471e66515d5426839eb93f5f04ce85a061ae629c7ef599892034f12/,Si,https://www.virustotal.com/gui/file/c4fadfdcd471e66515d5426839eb93f5f04ce85a061ae629c7ef599892034f12,,,Linux / ELF,,,2026-05-29 14:01:38,iran.aarch64,190448,"elf, mirai",abuse_ch
388,Mirai,2026,1d82937b5492e97008968127bd04b288,535a7117d1dc3665f444dabbb1aa3ca9cd6fbaba,0f85685ba1041523eb8c9bc159605cec822c0097cfce76113f64ef5241b56d56,https://bazaar.abuse.ch/sample/0f85685ba1041523eb8c9bc159605cec822c0097cfce76113f64ef5241b56d56/,Si,https://www.virustotal.com/gui/file/0f85685ba1041523eb8c9bc159605cec822c0097cfce76113f64ef5241b56d56,,,Linux / ELF,,,2026-05-29 14:01:44,bot.arm,607708,"elf, mirai",abuse_ch
389,Mirai,2026,8d965e4465549129c795adc286b7f34f,181a8a316bd826d2e4185a95a7b8326e544d0fe6,8217f5489d2737b547aecc45df980c857461c807d299df2bb1265bc6a2261905,https://bazaar.abuse.ch/sample/8217f5489d2737b547aecc45df980c857461c807d299df2bb1265bc6a2261905/,Si,https://www.virustotal.com/gui/file/8217f5489d2737b547aecc45df980c857461c807d299df2bb1265bc6a2261905,,,Linux / ELF,,,2026-05-29 14:19:55,bot.arm64,729488,"elf, mirai",abuse_ch
390,Mirai,2026,845236f14029661d85fa8abe96ef5bb4,7cb360b4ba98b8a0e70d9465b9cb3ba685db8770,b1cb5667b8f244d7c4f2451d2b7a5698f48a412ed7e5b9650e8c607e51160dd1,https://bazaar.abuse.ch/sample/b1cb5667b8f244d7c4f2451d2b7a5698f48a412ed7e5b9650e8c607e51160dd1/,Si,https://www.virustotal.com/gui/file/b1cb5667b8f244d7c4f2451d2b7a5698f48a412ed7e5b9650e8c607e51160dd1,,,Linux / ELF,,,2026-05-29 15:21:55,iran.m68k,161656,"elf, mirai",abuse_ch
391,Mozi,2021,59ce0baba11893f90527fc951ac69912,5857a7dd621c4c3ebb0b5a3bec915d409f70d39f,4293c1d8574dc87c58360d6bac3daa182f64f7785c9d41da5e0741d2b1817fc7,https://bazaar.abuse.ch/sample/4293c1d8574dc87c58360d6bac3daa182f64f7785c9d41da5e0741d2b1817fc7/,Si,https://www.virustotal.com/gui/file/4293c1d8574dc87c58360d6bac3daa182f64f7785c9d41da5e0741d2b1817fc7,,,Linux / ELF,,,2021-02-07 04:13:11,Mozi.m,135784,Mozi,tolisec
392,Mozi,2021,781228e0a889c0624a5f1d8e9f5b0b30,e7f6bf55ee9477a4208f0253d94deff4453aaa64,832fb4090879c1bebe75bea939a9c5724dbf87898febd425f94f7e03ee687d3b,https://bazaar.abuse.ch/sample/832fb4090879c1bebe75bea939a9c5724dbf87898febd425f94f7e03ee687d3b/,Si,https://www.virustotal.com/gui/file/832fb4090879c1bebe75bea939a9c5724dbf87898febd425f94f7e03ee687d3b,,,Linux / ELF,,,2021-05-28 12:06:39,Mozi.a,123164,Mozi,tolisec
393,Mozi,2021,16cb4b59e16767a4435ab40820474b76,8b72f28a72f46752dc44b6af73a40d4fce2784ea,4b41223ca64ab6ef4b3b9c9d4257902a32f9fa8cdf4d9f6261b24b8dee81d233,https://bazaar.abuse.ch/sample/4b41223ca64ab6ef4b3b9c9d4257902a32f9fa8cdf4d9f6261b24b8dee81d233/,Si,https://www.virustotal.com/gui/file/4b41223ca64ab6ef4b3b9c9d4257902a32f9fa8cdf4d9f6261b24b8dee81d233,,,Linux / ELF,,,2021-06-15 08:04:45,Mozi.m,307960,mirai,tolisec
394,Mozi,2021,a73ddd6ec22462db955439f665cad4e6,ac6962542a4b23ac13bddff22f8df9aeb702ef12,b5cf68c7cb5bb2d21d60bf6654926f61566d95bfd7c9f9e182d032f1da5b4605,https://bazaar.abuse.ch/sample/b5cf68c7cb5bb2d21d60bf6654926f61566d95bfd7c9f9e182d032f1da5b4605/,Si,https://www.virustotal.com/gui/file/b5cf68c7cb5bb2d21d60bf6654926f61566d95bfd7c9f9e182d032f1da5b4605,,,Linux / ELF,,,2021-08-26 01:40:50,Mozi.7,135472,,tolisec
395,Mozi,2021,7a97aee43727373536c7c52dac3ea933,413f2bda285ec13f834390aa082b65c068b8da58,d6dd3935268ed0fc0817220590bbbdb1cfe12b518e314e2db243ee28e9050d74,https://bazaar.abuse.ch/sample/d6dd3935268ed0fc0817220590bbbdb1cfe12b518e314e2db243ee28e9050d74/,Si,https://www.virustotal.com/gui/file/d6dd3935268ed0fc0817220590bbbdb1cfe12b518e314e2db243ee28e9050d74,,,Linux / ELF,,,2021-11-28 17:38:43,SecuriteInfo.com.Linux.Packer.Patched.UPX.4998.18272,4200,"elf, Mozi",SecuriteInfoCom
396,Mozi,2022,00540a7be30b02acc8889aa75a8c748c,e3199c68ccc77abc5bba7d97fcc5945d1080307c,419fd7c658a345fd2e0e3061fb1ebcc3b95385a3520a600aa4612a73453786ed,https://bazaar.abuse.ch/sample/419fd7c658a345fd2e0e3061fb1ebcc3b95385a3520a600aa4612a73453786ed/,Si,https://www.virustotal.com/gui/file/419fd7c658a345fd2e0e3061fb1ebcc3b95385a3520a600aa4612a73453786ed,,,Linux / ELF,,,2022-02-13 16:48:59,SecuriteInfo.com.Linux.Siggen.4218.21649.11448,58548,"elf, mirai, Mozi",SecuriteInfoCom
397,Mozi,2022,db26369d7795b35ee700de3b4f619014,c331072e66ceb22179ae2b7a283313d4276c96a7,86881aec90e578e550b6a49cf113910baccd5d7b5e6c1eb37be172eede2e4d09,https://bazaar.abuse.ch/sample/86881aec90e578e550b6a49cf113910baccd5d7b5e6c1eb37be172eede2e4d09/,Si,https://www.virustotal.com/gui/file/86881aec90e578e550b6a49cf113910baccd5d7b5e6c1eb37be172eede2e4d09,,,Linux / ELF,,,2022-03-21 07:03:06,SecuriteInfo.com.Linux.Packer.Patched.UPX.7352.459,4344,"elf, Mozi",SecuriteInfoCom
398,Mozi,2024,54f2d04392563a1823b82ff33f02cb75,044c513715a0e8c8fb93424b56a99d9bb03fd5ed,c36c93da186dfa73c1d6575e968be3f83a21a825465bb688e09a42ec402dc378,https://bazaar.abuse.ch/sample/c36c93da186dfa73c1d6575e968be3f83a21a825465bb688e09a42ec402dc378/,Si,https://www.virustotal.com/gui/file/c36c93da186dfa73c1d6575e968be3f83a21a825465bb688e09a42ec402dc378,,,Linux / ELF,,,2024-05-18 14:25:57,SecuriteInfo.com.Linux.Siggen.4217.9413.23609,5712,"elf, Mozi",SecuriteInfoCom
399,Mozi,2024,726ce0b747f2573a32c9a762b2d29062,83c2b3a51b74d4cccfd98ff05ccfa6b194a32754,484e15ad4cd6a56af0b2534347418957942ff51d1daf5e368dfec418283c9b41,https://bazaar.abuse.ch/sample/484e15ad4cd6a56af0b2534347418957942ff51d1daf5e368dfec418283c9b41/,Si,https://www.virustotal.com/gui/file/484e15ad4cd6a56af0b2534347418957942ff51d1daf5e368dfec418283c9b41,,,Linux / ELF,,,2024-05-30 06:33:04,SecuriteInfo.com.Trojan.Linux.GenericKD.15531.15968.24321,2804,"elf, Mozi",SecuriteInfoCom
400,Mozi,2024,06e3c8ed7614761df8775f60aefb9885,882b3f655e3e4a1019c4626c1e04d7056669dbb5,7ef6a8e97530c15fb1d37be2a6cf7b96b4049c8fb79846ed571ffc4eca8ac36e,https://bazaar.abuse.ch/sample/7ef6a8e97530c15fb1d37be2a6cf7b96b4049c8fb79846ed571ffc4eca8ac36e/,Si,https://www.virustotal.com/gui/file/7ef6a8e97530c15fb1d37be2a6cf7b96b4049c8fb79846ed571ffc4eca8ac36e,,,Linux / ELF,,,2024-06-19 19:26:58,SecuriteInfo.com.Linux.Siggen.4217.9364.28994,7788,"elf, Mozi",SecuriteInfoCom
401,Mozi,2024,f9516c18b6254af5b84742b0fd84c8ca,3ae488926fb8ef25bcc201c37788d7142a9733ec,7b83dc70b31afea07e747011543d41f0170e0ef70d617f54f3fcb2ff4214840a,https://bazaar.abuse.ch/sample/7b83dc70b31afea07e747011543d41f0170e0ef70d617f54f3fcb2ff4214840a/,Si,https://www.virustotal.com/gui/file/7b83dc70b31afea07e747011543d41f0170e0ef70d617f54f3fcb2ff4214840a,,,Linux / ELF,,,2024-06-20 14:24:42,SecuriteInfo.com.Trojan.Linux.GenericKD.15531.9718.19990,5192,"elf, Mozi",SecuriteInfoCom
402,Mozi,2024,db9dd72cf9f32fa91a1d6093c5e1d092,ceddbad19352d3342a94119fa5e60190e34974af,678e9279cad14fb0897b03300a4a6f0920b5f1986ae299c5a342e046186ef5cd,https://bazaar.abuse.ch/sample/678e9279cad14fb0897b03300a4a6f0920b5f1986ae299c5a342e046186ef5cd/,Si,https://www.virustotal.com/gui/file/678e9279cad14fb0897b03300a4a6f0920b5f1986ae299c5a342e046186ef5cd,,,Linux / ELF,,,2024-07-08 16:27:05,SecuriteInfo.com.Linux.Siggen.4217.8813.4095,5552,"elf, Mozi",SecuriteInfoCom
403,Mozi,2024,9d35db2a830e34ce3e44630c5a9dd548,57d67124a330ecff32e562c6754aecc4bc8573c5,c00d0c1cafff75f1a77cc5dc02f70994064e1c2a9bdcb34cf86692cd6ac9acef,https://bazaar.abuse.ch/sample/c00d0c1cafff75f1a77cc5dc02f70994064e1c2a9bdcb34cf86692cd6ac9acef/,Si,https://www.virustotal.com/gui/file/c00d0c1cafff75f1a77cc5dc02f70994064e1c2a9bdcb34cf86692cd6ac9acef,,,Linux / ELF,,,2024-08-17 12:33:13,SecuriteInfo.com.Linux.Siggen.4217.15909.6906,12672,"elf, Mozi",SecuriteInfoCom
404,Mozi,2024,8e0f0e5246dc53b20e1e88c427dfc04a,f1b1990e52ebbd5f5b0d51b4e0ee19dc3e37bad2,3a2b0298688a91a60adfc4e5b6febc3ee73d6b9fa23c0413cd6eea8da7a2b630,https://bazaar.abuse.ch/sample/3a2b0298688a91a60adfc4e5b6febc3ee73d6b9fa23c0413cd6eea8da7a2b630/,Si,https://www.virustotal.com/gui/file/3a2b0298688a91a60adfc4e5b6febc3ee73d6b9fa23c0413cd6eea8da7a2b630,,,Linux / ELF,,,2024-10-06 17:50:48,na,99912,"elf, Mozi",abuse_ch
405,Mozi,2024,de5f15a2aec2b9abe08721da97e91827,120b405a667ee868c469c75ddebd46ec2f442007,585488837a26f33f0b5a8e9f7f36ecba800df61f0344ec55f8986a0b3fad904d,https://bazaar.abuse.ch/sample/585488837a26f33f0b5a8e9f7f36ecba800df61f0344ec55f8986a0b3fad904d/,Si,https://www.virustotal.com/gui/file/585488837a26f33f0b5a8e9f7f36ecba800df61f0344ec55f8986a0b3fad904d,,,Linux / ELF,,,2024-10-11 07:24:30,na,107152,"elf, Mozi",abuse_ch
406,Mozi,2024,f660d7dd4773827e5614b95f2f0fffbe,0f345b0e4ce47b81f96e84be852f72ec9e6f97fc,30c382cb63dfc23e100745f21de7089d0af6b5db3505c138b304c4e89e430d38,https://bazaar.abuse.ch/sample/30c382cb63dfc23e100745f21de7089d0af6b5db3505c138b304c4e89e430d38/,Si,https://www.virustotal.com/gui/file/30c382cb63dfc23e100745f21de7089d0af6b5db3505c138b304c4e89e430d38,,,Linux / ELF,,,2024-10-11 07:26:14,na,134664,"elf, Mozi",abuse_ch
407,Mozi,2024,f1abfb839c7bd32b5034cba30859f160,dcdf42e8b2fb56dce610921312704f80207fabc1,9a963fb204c95bf85dcc0ef4986b889eea513c622249307095c8afe0aca44e1c,https://bazaar.abuse.ch/sample/9a963fb204c95bf85dcc0ef4986b889eea513c622249307095c8afe0aca44e1c/,Si,https://www.virustotal.com/gui/file/9a963fb204c95bf85dcc0ef4986b889eea513c622249307095c8afe0aca44e1c,,,Linux / ELF,,,2024-10-13 04:51:35,na,120184,"elf, Mozi",abuse_ch
408,Mozi,2024,dec206c86019dead8f1129694848c173,d7fdaf400238b100a552d403a8576cf786d7baf2,122d5a734cac70d4c2c6c562ccefbdb1086bfc149a81e437e8ec1475e37977d0,https://bazaar.abuse.ch/sample/122d5a734cac70d4c2c6c562ccefbdb1086bfc149a81e437e8ec1475e37977d0/,Si,https://www.virustotal.com/gui/file/122d5a734cac70d4c2c6c562ccefbdb1086bfc149a81e437e8ec1475e37977d0,,,Linux / ELF,,,2024-10-15 12:05:17,na,124528,"elf, Mozi",abuse_ch
409,Mozi,2024,f7307ba8830672fdcc38e0bcd57ffde0,e3bc30bf49cd2d8654a4a622a33a8c669ee5ee4d,a5cae1a63747e60ed69d3a522d889beda4514014f06c7a33868eef217c45ccdc,https://bazaar.abuse.ch/sample/a5cae1a63747e60ed69d3a522d889beda4514014f06c7a33868eef217c45ccdc/,Si,https://www.virustotal.com/gui/file/a5cae1a63747e60ed69d3a522d889beda4514014f06c7a33868eef217c45ccdc,,,Linux / ELF,,,2024-10-15 16:17:37,na,114392,"elf, Mozi",abuse_ch
410,Mozi,2024,f850c59e634806d72686e7b630d4dd58,8aaa07aa2189056b2d929799af85ef0c7fc89e02,dc3906b6cf2e391537c1dfb599b3e5c0d58cccb3ed8b942cb1bcb064413b93e0,https://bazaar.abuse.ch/sample/dc3906b6cf2e391537c1dfb599b3e5c0d58cccb3ed8b942cb1bcb064413b93e0/,Si,https://www.virustotal.com/gui/file/dc3906b6cf2e391537c1dfb599b3e5c0d58cccb3ed8b942cb1bcb064413b93e0,,,Linux / ELF,,,2024-10-17 06:59:03,na,110048,"elf, Mozi",abuse_ch
411,Mozi,2024,0479744a0ebf12341305dda6530b2766,de5e9a23f56262f3cd6a24a7e50613f18a599411,fd851655a0cc12da68cc0a81320476fb69a4a00835b5ad7341b55ea36f2cdbf7,https://bazaar.abuse.ch/sample/fd851655a0cc12da68cc0a81320476fb69a4a00835b5ad7341b55ea36f2cdbf7/,Si,https://www.virustotal.com/gui/file/fd851655a0cc12da68cc0a81320476fb69a4a00835b5ad7341b55ea36f2cdbf7,,,Linux / ELF,,,2024-10-18 14:46:33,na,130320,"elf, Mozi",abuse_ch
412,Mozi,2024,8830311cff7511a85ec86d2e10226d67,62b83b0aa6ffb5d94ddc39739bb40374bbe72503,37a46c2b4715d5b600b43a4d4a67269e0eb5f501f3ee76e0f3440ab125b7d93e,https://bazaar.abuse.ch/sample/37a46c2b4715d5b600b43a4d4a67269e0eb5f501f3ee76e0f3440ab125b7d93e/,Si,https://www.virustotal.com/gui/file/37a46c2b4715d5b600b43a4d4a67269e0eb5f501f3ee76e0f3440ab125b7d93e,,,Linux / ELF,,,2024-10-19 05:47:24,i,104256,"elf, Mozi",abuse_ch
413,Mozi,2024,f0d0765e341436b35949f40de375ccd3,b113fb5ff8c8791e22a71d7de39b37de3d8d67ac,14af8f514fc5f60b0457325acd4a241204a1f521df88649559a58c8561db7f41,https://bazaar.abuse.ch/sample/14af8f514fc5f60b0457325acd4a241204a1f521df88649559a58c8561db7f41/,Si,https://www.virustotal.com/gui/file/14af8f514fc5f60b0457325acd4a241204a1f521df88649559a58c8561db7f41,,,Linux / ELF,,,2024-10-19 05:47:31,bin.sh,135784,"elf, Mozi",abuse_ch
414,Mozi,2024,d75a0768719728e95535b60cd0139131,b672ca79881abc5b90aef1171bad20f392b88b73,afabcb4d54a59adfbebb5ec6d22292aa30d47b21f3ae680248fbbb004984add9,https://bazaar.abuse.ch/sample/afabcb4d54a59adfbebb5ec6d22292aa30d47b21f3ae680248fbbb004984add9/,Si,https://www.virustotal.com/gui/file/afabcb4d54a59adfbebb5ec6d22292aa30d47b21f3ae680248fbbb004984add9,,,Linux / ELF,,,2024-10-20 02:26:01,bin.sh,102808,"elf, Mozi",abuse_ch
415,Mozi,2024,79e6ed67f4a37ac3f88fc040472f21ab,61d3f22b6362deb78281b197e71c0ec35ba45112,f2f45cebd49003b12f095884f9378025ead0236f6687bd35963248e703d274c7,https://bazaar.abuse.ch/sample/f2f45cebd49003b12f095884f9378025ead0236f6687bd35963248e703d274c7/,Si,https://www.virustotal.com/gui/file/f2f45cebd49003b12f095884f9378025ead0236f6687bd35963248e703d274c7,,,Linux / ELF,,,2024-10-20 18:35:45,i,112944,"elf, Mozi",abuse_ch
416,Mozi,2024,ecf694bf43135448a33fd08e18d32bc8,59c696d327d6be145c8b2df69082d35ab1628083,fac304cd1e585eb8ff37f87dd9b232edde171204a9870257dcee1bc0deb4717f,https://bazaar.abuse.ch/sample/fac304cd1e585eb8ff37f87dd9b232edde171204a9870257dcee1bc0deb4717f/,Si,https://www.virustotal.com/gui/file/fac304cd1e585eb8ff37f87dd9b232edde171204a9870257dcee1bc0deb4717f,,,Linux / ELF,,,2024-10-21 21:05:48,na,133216,"elf, Mozi",abuse_ch
417,Mozi,2024,502c558dfa60d14963503b08513eeec6,247c7c674e6d89ab77c62a21f14917634cb3b254,d7ac7aece9743a9256b9fd0084e18fbd7e05a8d25a562cea2878b3de64cae876,https://bazaar.abuse.ch/sample/d7ac7aece9743a9256b9fd0084e18fbd7e05a8d25a562cea2878b3de64cae876/,Si,https://www.virustotal.com/gui/file/d7ac7aece9743a9256b9fd0084e18fbd7e05a8d25a562cea2878b3de64cae876,,,Linux / ELF,,,2024-10-22 07:45:57,na,128872,"elf, Mozi",abuse_ch
418,Mozi,2024,a1d602aef257b37f949024aa3a03af3d,babfcef919c6f3f277145d9071ad45d18f8cf9d2,457ced8306ea5170af06155dfe1e16120e92f43895db3b36e51cd93132948323,https://bazaar.abuse.ch/sample/457ced8306ea5170af06155dfe1e16120e92f43895db3b36e51cd93132948323/,Si,https://www.virustotal.com/gui/file/457ced8306ea5170af06155dfe1e16120e92f43895db3b36e51cd93132948323,,,Linux / ELF,,,2024-10-23 18:36:09,bin.sh,97016,"elf, Mozi",abuse_ch
419,Mozi,2024,22346b43a6a7be5bd45e7760a44031b6,40ddce51ef530d1831337863caf6c30befd88664,b5e9117593832b5f51c006c16132e4bf853b928d5fe3a54ef6982bf63d57b8c8,https://bazaar.abuse.ch/sample/b5e9117593832b5f51c006c16132e4bf853b928d5fe3a54ef6982bf63d57b8c8/,Si,https://www.virustotal.com/gui/file/b5e9117593832b5f51c006c16132e4bf853b928d5fe3a54ef6982bf63d57b8c8,,,Linux / ELF,,,2024-10-23 20:41:06,na,98464,"elf, Mozi",abuse_ch
420,Mozi,2024,3c13df44338eacda761bf12b96953a7d,b6e40a37beb8bdbe733de0630877c4da21ba4f07,ce55be505a910483a8426f03b351a9cee55ea43e5bd96aa569a50603eafbc0ef,https://bazaar.abuse.ch/sample/ce55be505a910483a8426f03b351a9cee55ea43e5bd96aa569a50603eafbc0ef/,Si,https://www.virustotal.com/gui/file/ce55be505a910483a8426f03b351a9cee55ea43e5bd96aa569a50603eafbc0ef,,,Linux / ELF,,,2024-10-26 23:16:45,i,133893,"elf, Mozi",abuse_ch
421,Mozi,2024,4876ddd15bedd2bcf84d82fb714245e6,e69813c6b8ae27dfcbc9f2adac1e2653af364b0d,974688d36925cb33cf7f4673265f72f4d5949b6c22027e0fc54b6db2f440830a,https://bazaar.abuse.ch/sample/974688d36925cb33cf7f4673265f72f4d5949b6c22027e0fc54b6db2f440830a/,Si,https://www.virustotal.com/gui/file/974688d36925cb33cf7f4673265f72f4d5949b6c22027e0fc54b6db2f440830a,,,Linux / ELF,,,2024-10-27 14:06:47,na,105704,"elf, Mozi",abuse_ch
422,Mozi,2024,c7c17f3889a41923976d89752d015f95,8b82e6ce728c35fff9f20dc9e25be42c93249f59,232cc44af01cef65bb8a7016914e618bd0a2ff3667a304b45b8241aa29c21d51,https://bazaar.abuse.ch/sample/232cc44af01cef65bb8a7016914e618bd0a2ff3667a304b45b8241aa29c21d51/,Si,https://www.virustotal.com/gui/file/232cc44af01cef65bb8a7016914e618bd0a2ff3667a304b45b8241aa29c21d51,,,Linux / ELF,,,2024-10-27 23:07:17,na,115840,"elf, Mozi",abuse_ch
423,Mozi,2024,d602f28a0d75cb0387e965594c4b51c4,bf5e65f798e63d9ef6c35202412dfaa8b03bc6a6,d2bcf89297b6e4b93ab6200647a71ffcb325a6beba972983cdf5a6d32e1e79b8,https://bazaar.abuse.ch/sample/d2bcf89297b6e4b93ab6200647a71ffcb325a6beba972983cdf5a6d32e1e79b8/,Si,https://www.virustotal.com/gui/file/d2bcf89297b6e4b93ab6200647a71ffcb325a6beba972983cdf5a6d32e1e79b8,,,Linux / ELF,,,2024-10-28 10:02:12,na,108600,"elf, Mozi",abuse_ch
424,Mozi,2024,c7c28d5b961f4c916edfc7b6b0dcba79,d5dc17da74b994878bc10325e47a60e68502b487,450d79cc40e93304fca3d435b88b317fe1a5bbdecb04356843c51c188c099174,https://bazaar.abuse.ch/sample/450d79cc40e93304fca3d435b88b317fe1a5bbdecb04356843c51c188c099174/,Si,https://www.virustotal.com/gui/file/450d79cc40e93304fca3d435b88b317fe1a5bbdecb04356843c51c188c099174,,,Linux / ELF,,,2024-11-02 08:27:00,i,104244,"elf, Mozi",abuse_ch
425,Mozi,2024,cbb4de147c7fdbf180d94fc68f05f4a6,89fafefaa592a5e195afa524c384dda2b071693f,198ae3d435ddc6dc243d99cfca51a3a61a03f6058fbe24dfe93ee306778c64b7,https://bazaar.abuse.ch/sample/198ae3d435ddc6dc243d99cfca51a3a61a03f6058fbe24dfe93ee306778c64b7/,Si,https://www.virustotal.com/gui/file/198ae3d435ddc6dc243d99cfca51a3a61a03f6058fbe24dfe93ee306778c64b7,,,Linux / ELF,,,2024-11-05 04:51:31,Mozi.m,117024,"elf, Mozi",abuse_ch
426,Mozi,2024,30fd3dffa5310d100cecf1d1e2b4659d,aed6d5b088bb5ab9733ca2c2f11257d74fa2c80e,740d845232b2b60e8b52c9eac3f464504db0e9c057ee90b2b6f88a8b4d5289ce,https://bazaar.abuse.ch/sample/740d845232b2b60e8b52c9eac3f464504db0e9c057ee90b2b6f88a8b4d5289ce/,Si,https://www.virustotal.com/gui/file/740d845232b2b60e8b52c9eac3f464504db0e9c057ee90b2b6f88a8b4d5289ce,,,Linux / ELF,,,2024-11-05 18:37:17,Mozi.m,82600,"elf, Mozi",abuse_ch
427,Mozi,2024,e50d242fb88cbc3f2e5c7b64178d5fb9,c6441636b20f1b28364da60e727b8f072860022d,80b9c649200490d6b2b6fd5a24e158afe934aea9396761fc6a292fda5cd4a0f7,https://bazaar.abuse.ch/sample/80b9c649200490d6b2b6fd5a24e158afe934aea9396761fc6a292fda5cd4a0f7/,Si,https://www.virustotal.com/gui/file/80b9c649200490d6b2b6fd5a24e158afe934aea9396761fc6a292fda5cd4a0f7,,,Linux / ELF,,,2024-11-11 23:21:22,Mozi.m,112320,"elf, Mozi",abuse_ch
428,Mozi,2024,914ca9bf2daa338d1351adeb09f2c9ae,63cfedcc738a3f1b848f6a6f0284256fdb04b583,b89dcbaf68519d6fbcd3d3cda59c9d1dcc0865f9a3c17847d283c0ad26f74d30,https://bazaar.abuse.ch/sample/b89dcbaf68519d6fbcd3d3cda59c9d1dcc0865f9a3c17847d283c0ad26f74d30/,Si,https://www.virustotal.com/gui/file/b89dcbaf68519d6fbcd3d3cda59c9d1dcc0865f9a3c17847d283c0ad26f74d30,,,Linux / ELF,,,2024-12-13 20:36:53,bin.sh,6940,"elf, Mozi",abuse_ch
429,Mozi,2024,209ef54cdc715d9f5de7f8c20108219b,06fd6e850e0601555762f69a85a4a4c5e562fa9d,83c8577430ab9faec1486c411e8f16db8b40a44aa56e7ea075b8608f4c4a42f7,https://bazaar.abuse.ch/sample/83c8577430ab9faec1486c411e8f16db8b40a44aa56e7ea075b8608f4c4a42f7/,Si,https://www.virustotal.com/gui/file/83c8577430ab9faec1486c411e8f16db8b40a44aa56e7ea075b8608f4c4a42f7,,,Linux / ELF,,,2024-12-19 07:21:47,Mozi.m,307960,"elf, Mozi",abuse_ch
430,Mozi,2024,e81814afd995e69c73decdbd91e2be18,e6d7f8e1df18eee9381f51f6466f145d61326436,c186c0b876a56d0da7b79bc2cae2e2ecf4617518fd9c996568da100e99179693,https://bazaar.abuse.ch/sample/c186c0b876a56d0da7b79bc2cae2e2ecf4617518fd9c996568da100e99179693/,Si,https://www.virustotal.com/gui/file/c186c0b876a56d0da7b79bc2cae2e2ecf4617518fd9c996568da100e99179693,,,Linux / ELF,,,2024-12-21 06:05:54,Mozi.m,59684,"elf, Mozi",abuse_ch
431,Mozi,2024,8ab6c49bfc633730ea16505dc96b1232,31c1ecf3e509cf6c470f67c7cf8c38a80e4e2541,e65661661f9680908bded3fc72eb36c8b9827ceb197d5dcb0bb65ee85638e63b,https://bazaar.abuse.ch/sample/e65661661f9680908bded3fc72eb36c8b9827ceb197d5dcb0bb65ee85638e63b/,Si,https://www.virustotal.com/gui/file/e65661661f9680908bded3fc72eb36c8b9827ceb197d5dcb0bb65ee85638e63b,,,Linux / ELF,,,2024-12-25 15:16:05,Mozi.m,102240,"elf, Mozi",abuse_ch
432,Mozi,2025,ad3f6e7fe3b35822ada2a692b3e7b548,3c7b157eba1fa57e4d8894e8d443255d29328f91,b4610a17b2b8935d83eed7e8eba49659de82f45fdd7dd4c79fbfee8cf1b4bce0,https://bazaar.abuse.ch/sample/b4610a17b2b8935d83eed7e8eba49659de82f45fdd7dd4c79fbfee8cf1b4bce0/,Si,https://www.virustotal.com/gui/file/b4610a17b2b8935d83eed7e8eba49659de82f45fdd7dd4c79fbfee8cf1b4bce0,,,Linux / ELF,,,2025-01-01 04:55:56,Mozi.m,94812,"elf, Mozi",abuse_ch
433,Mozi,2025,a509a2bf541ce846f6c4c21b2e261049,7fae87929647c2702ae7bf47adef22d98986a12d,cd471c39505fef91fbc9f5914a4bb9fbbdd4460bdf0664def557dde222c06e66,https://bazaar.abuse.ch/sample/cd471c39505fef91fbc9f5914a4bb9fbbdd4460bdf0664def557dde222c06e66/,Si,https://www.virustotal.com/gui/file/cd471c39505fef91fbc9f5914a4bb9fbbdd4460bdf0664def557dde222c06e66,,,Linux / ELF,,,2025-01-05 07:01:54,Mozi.m,307960,"elf, Mozi",abuse_ch
434,Mozi,2025,d0ddc894377437e33d186187a9a0105f,ba64d538c7881bdbb5163c13beda7cbc0be48ad6,2076e024ebc54a5fb3bf3a3d10f1bb73fdde763510dd5854139220be24e1cd57,https://bazaar.abuse.ch/sample/2076e024ebc54a5fb3bf3a3d10f1bb73fdde763510dd5854139220be24e1cd57/,Si,https://www.virustotal.com/gui/file/2076e024ebc54a5fb3bf3a3d10f1bb73fdde763510dd5854139220be24e1cd57,,,Linux / ELF,,,2025-04-05 21:32:06,mozi.m,110048,"elf, mirai, Mozi",abuse_ch
435,Mozi,2025,752ed7a54c9cfa6d80182074e0bcbcb3,a6fae89c5815f0b1c73f54011e1f421f1b05b745,58b017692224c462b4ae6fc935df96300f33d1e0e40b309c7b31792240d99102,https://bazaar.abuse.ch/sample/58b017692224c462b4ae6fc935df96300f33d1e0e40b309c7b31792240d99102/,Si,https://www.virustotal.com/gui/file/58b017692224c462b4ae6fc935df96300f33d1e0e40b309c7b31792240d99102,,,Linux / ELF,,,2025-04-17 01:43:18,bin.sh,118080,"elf, Mozi",abuse_ch
436,Mozi,2025,134c323a3bae690fe3721ce174dd191d,ad59f68488b748e97d08a305e0cc5225a5319d70,aa8deabb2747dee21fc1ba8f43aaaeb5dc6a49b782c08c8b8c102c8e31a55394,https://bazaar.abuse.ch/sample/aa8deabb2747dee21fc1ba8f43aaaeb5dc6a49b782c08c8b8c102c8e31a55394/,Si,https://www.virustotal.com/gui/file/aa8deabb2747dee21fc1ba8f43aaaeb5dc6a49b782c08c8b8c102c8e31a55394,,,Linux / ELF,,,2025-04-17 02:13:09,Mozi.m,177272,"elf, Mozi",abuse_ch
437,Mozi,2025,70275dd3802e0f1684b60365fdc13992,ac7d05d01dbfc1cf49c54b471c7dbbf3e273c391,fc108bc7b13a8280e5f9a706de05968b7236f2acbe2ef4ac024c73224960b243,https://bazaar.abuse.ch/sample/fc108bc7b13a8280e5f9a706de05968b7236f2acbe2ef4ac024c73224960b243/,Si,https://www.virustotal.com/gui/file/fc108bc7b13a8280e5f9a706de05968b7236f2acbe2ef4ac024c73224960b243,,,Linux / ELF,,,2025-09-16 08:24:58,bin.sh,12492,"elf, Mozi",abuse_ch
438,Mozi,2025,a7ebd62322d07db6d3890490d3cfbced,b1c01db359f78aeff19b9fd4fe6876a877e9c9d2,f7375f0ae0287b6aa966ae8ade9cadbd13821544a242f8418554ec462b71f8fd,https://bazaar.abuse.ch/sample/f7375f0ae0287b6aa966ae8ade9cadbd13821544a242f8418554ec462b71f8fd/,Si,https://www.virustotal.com/gui/file/f7375f0ae0287b6aa966ae8ade9cadbd13821544a242f8418554ec462b71f8fd,,,Linux / ELF,,,2025-09-18 16:11:27,bin.sh,137480,"elf, Mozi",abuse_ch
439,Mozi,2025,585c6997151ffac9933dae37d251964b,5bc24e9560c629b220deddde5cf1183e8edde47f,91643002be04f1f63ddf2ab5122f1fa600b364ead3441f64511d3049c4aa57f6,https://bazaar.abuse.ch/sample/91643002be04f1f63ddf2ab5122f1fa600b364ead3441f64511d3049c4aa57f6/,Si,https://www.virustotal.com/gui/file/91643002be04f1f63ddf2ab5122f1fa600b364ead3441f64511d3049c4aa57f6,,,Linux / ELF,,,2025-09-18 16:44:26,aoxbot.mpsl,104824,"elf, Mozi",abuse_ch
440,Mozi,2025,0601a89528cdf41b9348767cc21881e0,b25a992ed625bc8f9d41d369191df65287598441,91996022b87d6650742603c95ec20f35d4dc48d808bfba066ad75d36104fe51c,https://bazaar.abuse.ch/sample/91996022b87d6650742603c95ec20f35d4dc48d808bfba066ad75d36104fe51c/,Si,https://www.virustotal.com/gui/file/91996022b87d6650742603c95ec20f35d4dc48d808bfba066ad75d36104fe51c,,,Linux / ELF,,,2025-10-01 03:48:58,bin.sh,137480,"elf, Mozi",abuse_ch
441,Mozi,2025,6a16e166948ddb9e6e9f9de503e21c60,d4ea9ce9a1c26a936d5d17436876d47deed7c933,e40c4ba7c5a6122be47636a59952f82aee24c8c3825a6e4449bb04d0e2ced0eb,https://bazaar.abuse.ch/sample/e40c4ba7c5a6122be47636a59952f82aee24c8c3825a6e4449bb04d0e2ced0eb/,Si,https://www.virustotal.com/gui/file/e40c4ba7c5a6122be47636a59952f82aee24c8c3825a6e4449bb04d0e2ced0eb,,,Linux / ELF,,,2025-10-14 05:59:34,bin.sh,135660,"elf, mirai, Mozi",abuse_ch
442,Mozi,2025,35fe831cfa6a6d65770701cd88325e0a,65301bfcc9515b2186a1ea2ff7039c5dd24929f5,b1d57fd6bcd109a99d5023d76767aa6fdb520138e4eaad2a9a48afb3b6fb98b6,https://bazaar.abuse.ch/sample/b1d57fd6bcd109a99d5023d76767aa6fdb520138e4eaad2a9a48afb3b6fb98b6/,Si,https://www.virustotal.com/gui/file/b1d57fd6bcd109a99d5023d76767aa6fdb520138e4eaad2a9a48afb3b6fb98b6,,,Linux / ELF,,,2025-10-29 00:30:55,bin.sh,136800,"elf, Mozi",abuse_ch
443,Mozi,2025,cc92c212993097aa6a06081cc76f1a94,2a5f6554d3a1734946903e84bc21d423e1eaa6ae,4a952be0b1bbb38b70a245305c73c6a29658bb475f4b7a24a7564c7735f5501b,https://bazaar.abuse.ch/sample/4a952be0b1bbb38b70a245305c73c6a29658bb475f4b7a24a7564c7735f5501b/,Si,https://www.virustotal.com/gui/file/4a952be0b1bbb38b70a245305c73c6a29658bb475f4b7a24a7564c7735f5501b,,,Linux / ELF,,,2025-11-03 09:32:07,SecuriteInfo.com.Linux.Mirai.4873.16779.5957,65688,"elf, mirai, Mozi",SecuriteInfoCom
444,Mozi,2025,c668b2ff3a83a0ed0e1374d6cede6630,627cc38cd8738ca92154da28da3e405786f01133,cb5c5d9258952910faaba3f81e0860b6f717fde8bba543c3aa2f80655e17e87b,https://bazaar.abuse.ch/sample/cb5c5d9258952910faaba3f81e0860b6f717fde8bba543c3aa2f80655e17e87b/,Si,https://www.virustotal.com/gui/file/cb5c5d9258952910faaba3f81e0860b6f717fde8bba543c3aa2f80655e17e87b,,,Linux / ELF,,,2025-12-04 10:41:43,bin.sh,199736,"elf, Mozi",abuse_ch
445,Mozi,2025,0d7e64fee6af280cb683474bbb35d691,2ca776376db88a613e6ff0bb56b537a4778081be,22ea54360f7b59f926660f70b05b11f6b00bc1519b5114df06176d0c53003e24,https://bazaar.abuse.ch/sample/22ea54360f7b59f926660f70b05b11f6b00bc1519b5114df06176d0c53003e24/,Si,https://www.virustotal.com/gui/file/22ea54360f7b59f926660f70b05b11f6b00bc1519b5114df06176d0c53003e24,,,Linux / ELF,,,2025-12-27 08:37:51,bin.sh,135784,"elf, Mozi",abuse_ch
446,Mozi,2026,8614baad7be3a49d0cffd279184cb229,38bb7bf1b9d99f7037ce11c4e0a0e771fb219c5d,3c060e8c70da8634814e0d4560ca150e087cdbf62bcacf83dbf48559ca08bb89,https://bazaar.abuse.ch/sample/3c060e8c70da8634814e0d4560ca150e087cdbf62bcacf83dbf48559ca08bb89/,Si,https://www.virustotal.com/gui/file/3c060e8c70da8634814e0d4560ca150e087cdbf62bcacf83dbf48559ca08bb89,,,Linux / ELF,,,2026-04-18 17:39:08,3c060e8c70da8634814e0d4560ca150e087cdbf62bcacf83dbf48559ca08bb89,135785,Mozi,apac_honeynet
447,Tsunami,2024,3f60b6e1890fd8e9f1c33e1b1779613e,fbbc10ce46b81db8830e086ab720e88e0947543e,aa6ca0d473e29297ea51c2df977a57d6cc5dd6e50dcdb37d8ea3a1e4e93dbb00,https://bazaar.abuse.ch/sample/aa6ca0d473e29297ea51c2df977a57d6cc5dd6e50dcdb37d8ea3a1e4e93dbb00/,Si,https://www.virustotal.com/gui/file/aa6ca0d473e29297ea51c2df977a57d6cc5dd6e50dcdb37d8ea3a1e4e93dbb00,,arm,Linux / ELF,,,2024-05-24 13:21:32,3f60b6e1890fd8e9f1c33e1b1779613e,154359,"32, arm, elf, Tsunami",zbetcheckin
448,Tsunami,2024,7b1aec339bee5beed674c8cb576bb881,28cc31a46db6970ded6900cc3d6a51c0cb068702,e59dd13dc8dbb2c9e3612c6f1188622067ed388f6248567c56479d1677c79e5b,https://bazaar.abuse.ch/sample/e59dd13dc8dbb2c9e3612c6f1188622067ed388f6248567c56479d1677c79e5b/,Si,https://www.virustotal.com/gui/file/e59dd13dc8dbb2c9e3612c6f1188622067ed388f6248567c56479d1677c79e5b,,,Linux / ELF,,,2024-05-24 13:21:38,7b1aec339bee5beed674c8cb576bb881,53144,"32, elf, intel, Tsunami",zbetcheckin
449,Tsunami,2024,8a8e9968b03fd2c5f67d18426a553514,1c41f4c58f5b1d157041dfb83ecad2e8d0ef1e85,660b86f05ad9d32c9cae0e0d31c85e97e94fec057a4c41c852c3d5d576ecebfc,https://bazaar.abuse.ch/sample/660b86f05ad9d32c9cae0e0d31c85e97e94fec057a4c41c852c3d5d576ecebfc/,Si,https://www.virustotal.com/gui/file/660b86f05ad9d32c9cae0e0d31c85e97e94fec057a4c41c852c3d5d576ecebfc,,powerpc,Linux / ELF,,,2024-05-24 13:21:42,8a8e9968b03fd2c5f67d18426a553514,67204,"32, elf, powerpc, Tsunami",zbetcheckin
450,Tsunami,2024,2f972c16d4c05beebe3b59850d8e06c8,382ab27a28911b8a9cb3d7f67fdcdb76cd0b304c,77ad11685dcde73d9a84dfe2cd66e252c23a20e9280e01ba6df57d0c170dd4a6,https://bazaar.abuse.ch/sample/77ad11685dcde73d9a84dfe2cd66e252c23a20e9280e01ba6df57d0c170dd4a6/,Si,https://www.virustotal.com/gui/file/77ad11685dcde73d9a84dfe2cd66e252c23a20e9280e01ba6df57d0c170dd4a6,,arm,Linux / ELF,,,2024-05-24 13:21:47,2f972c16d4c05beebe3b59850d8e06c8,78152,"32, arm, elf, Tsunami",zbetcheckin
451,Tsunami,2024,e0da70cd318405a6295f4ab8250fc4b4,19f877644514094605c0dac22146575f3fc15607,260c2a708a46ed6b55bd4f60a91158981c92e470f079de52db1d98239bd93ee7,https://bazaar.abuse.ch/sample/260c2a708a46ed6b55bd4f60a91158981c92e470f079de52db1d98239bd93ee7/,Si,https://www.virustotal.com/gui/file/260c2a708a46ed6b55bd4f60a91158981c92e470f079de52db1d98239bd93ee7,,mips,Linux / ELF,,,2024-05-24 13:21:52,e0da70cd318405a6295f4ab8250fc4b4,92064,"32, elf, mips, Tsunami",zbetcheckin
452,Tsunami,2024,b322b00c1e72260b3c6d82dbb9eab3ea,19deff69dab4f2f615e3ced80e5a8b5286812114,aae0af93d83a011054fcdce9d17c85e0eb48a1d413916ffb41bd56e7bd25d4b2,https://bazaar.abuse.ch/sample/aae0af93d83a011054fcdce9d17c85e0eb48a1d413916ffb41bd56e7bd25d4b2/,Si,https://www.virustotal.com/gui/file/aae0af93d83a011054fcdce9d17c85e0eb48a1d413916ffb41bd56e7bd25d4b2,,powerpc,Linux / ELF,,,2024-05-24 13:21:57,b322b00c1e72260b3c6d82dbb9eab3ea,67204,"32, elf, powerpc, Tsunami",zbetcheckin
453,Tsunami,2024,a8ecf4e4b8d98fccfebe17823d359945,6c5ff196bd8e9e0f07ae8a09b4fe92c49d1af63f,4c8c73e1bc632f41fd0cf5f8371024786e98488bdf34df84250430935205ddfe,https://bazaar.abuse.ch/sample/4c8c73e1bc632f41fd0cf5f8371024786e98488bdf34df84250430935205ddfe/,Si,https://www.virustotal.com/gui/file/4c8c73e1bc632f41fd0cf5f8371024786e98488bdf34df84250430935205ddfe,,sparc,Linux / ELF,,,2024-05-24 13:22:02,a8ecf4e4b8d98fccfebe17823d359945,75308,"32, elf, sparc, Tsunami",zbetcheckin
454,Tsunami,2024,f945941ab5fddb20f6cddcf24be08233,f19d29307419d26d2c31ba9ebaff3546e393734f,5b9f3c84b447f851c68ae6ed26bc6f9c1f804b0668839c179a99cb4001922d1b,https://bazaar.abuse.ch/sample/5b9f3c84b447f851c68ae6ed26bc6f9c1f804b0668839c179a99cb4001922d1b/,Si,https://www.virustotal.com/gui/file/5b9f3c84b447f851c68ae6ed26bc6f9c1f804b0668839c179a99cb4001922d1b,,,Linux / ELF,,,2024-05-24 13:22:06,f945941ab5fddb20f6cddcf24be08233,71456,"32, elf, motorola, Tsunami",zbetcheckin
455,Tsunami,2024,476ff84cfa458d9c8f66d265cf6c9d33,1b8e0b4fab38650134cfcca39212b9aab25dfa19,e123ae2cdf715332757929bd9e18e6d38b175009676257911679404ac9e23ec9,https://bazaar.abuse.ch/sample/e123ae2cdf715332757929bd9e18e6d38b175009676257911679404ac9e23ec9/,Si,https://www.virustotal.com/gui/file/e123ae2cdf715332757929bd9e18e6d38b175009676257911679404ac9e23ec9,,,Linux / ELF,,,2024-05-24 13:22:11,476ff84cfa458d9c8f66d265cf6c9d33,59880,"64, elf, Tsunami",zbetcheckin
456,Tsunami,2024,03e8e1ea6e4b3505fa42d5a59f389b28,43519f931ce46831a4915b859612d96856a6b035,9144a2ae2850eea4168bc7fd324e2872b90febb0ab5b46198ee04cd36d595075,https://bazaar.abuse.ch/sample/9144a2ae2850eea4168bc7fd324e2872b90febb0ab5b46198ee04cd36d595075/,Si,https://www.virustotal.com/gui/file/9144a2ae2850eea4168bc7fd324e2872b90febb0ab5b46198ee04cd36d595075,,arm,Linux / ELF,,,2024-05-24 13:22:16,03e8e1ea6e4b3505fa42d5a59f389b28,67112,"32, arm, elf, Tsunami",zbetcheckin
457,Tsunami,2024,230b810b1ccfa160ed883481415c17e9,b2b9f9702f7c45a99aa883d1c09f72f7b30178df,50f1703bc940d6f089f4bc88843b067a6dd160f1f0fa8c8f8753645fdec72c51,https://bazaar.abuse.ch/sample/50f1703bc940d6f089f4bc88843b067a6dd160f1f0fa8c8f8753645fdec72c51/,Si,https://www.virustotal.com/gui/file/50f1703bc940d6f089f4bc88843b067a6dd160f1f0fa8c8f8753645fdec72c51,,,Linux / ELF,,,2024-08-21 17:52:55,arm,82792,"botnet, elf, KAITEN, Tsunami",NDA0E
458,Tsunami,2024,01b9e69dcb41c1b2f8a73dfbe3a03fc3,f216d5646186f208d8ecd19908f710d9810b8360,16732f097af3bd905dde2ab557e574d1ec5188af1bf4b4020614ee394e3b52c9,https://bazaar.abuse.ch/sample/16732f097af3bd905dde2ab557e574d1ec5188af1bf4b4020614ee394e3b52c9/,Si,https://www.virustotal.com/gui/file/16732f097af3bd905dde2ab557e574d1ec5188af1bf4b4020614ee394e3b52c9,,,Linux / ELF,,,2024-08-21 17:52:58,arm7,157396,"botnet, elf, KAITEN, Tsunami",NDA0E
459,Tsunami,2024,356fb8228ff77baa0b8bda8fc7ed9ca7,e0612b67477f0c30894bec9d113a94f05d04e648,6c121a7179706dba4f2c76d4995488ebe492b831dc3c3dcc6b6938911b5b041d,https://bazaar.abuse.ch/sample/6c121a7179706dba4f2c76d4995488ebe492b831dc3c3dcc6b6938911b5b041d/,Si,https://www.virustotal.com/gui/file/6c121a7179706dba4f2c76d4995488ebe492b831dc3c3dcc6b6938911b5b041d,,,Linux / ELF,,,2024-08-21 17:53:01,bot.mips,90168,"botnet, elf, KAITEN, Tsunami",NDA0E
460,Tsunami,2024,0666a3a5a5708019b91abd0cb49b6edc,5516d3bc73ec89f8da82353a794a300342c935b7,7764cb8273b6a081d0ff7ae03b597c4cf8324f3e12ab747e9e2952f784d5eb31,https://bazaar.abuse.ch/sample/7764cb8273b6a081d0ff7ae03b597c4cf8324f3e12ab747e9e2952f784d5eb31/,Si,https://www.virustotal.com/gui/file/7764cb8273b6a081d0ff7ae03b597c4cf8324f3e12ab747e9e2952f784d5eb31,,,Linux / ELF,,,2024-08-21 17:53:04,botirc.arm5,34384,"botnet, elf, KAITEN, Tsunami",NDA0E
461,Tsunami,2024,4950c0663fd6e23a4e051aa2df40be6a,5f38959854a181da3ac960bb7e6bcf86c7c5e81e,a8715e839217f5a42bc8ef43dbede42fb4d8df858ca57ea1ba19a2d592c15e24,https://bazaar.abuse.ch/sample/a8715e839217f5a42bc8ef43dbede42fb4d8df858ca57ea1ba19a2d592c15e24/,Si,https://www.virustotal.com/gui/file/a8715e839217f5a42bc8ef43dbede42fb4d8df858ca57ea1ba19a2d592c15e24,,,Linux / ELF,,,2024-08-21 17:53:06,botirc.arm6,95196,"botnet, elf, KAITEN, Tsunami",NDA0E
462,Tsunami,2024,9dbee98633e8ea12a0ea9d89850395ef,9ff91da8b0313f4513a4cc2204aed67205487588,6fdc6218b22fe56a22805e2cfe77f0e4c3c35bf7416f792f9aac0f49d8fe61ee,https://bazaar.abuse.ch/sample/6fdc6218b22fe56a22805e2cfe77f0e4c3c35bf7416f792f9aac0f49d8fe61ee/,Si,https://www.virustotal.com/gui/file/6fdc6218b22fe56a22805e2cfe77f0e4c3c35bf7416f792f9aac0f49d8fe61ee,,,Linux / ELF,,,2024-08-21 17:53:08,botirc.i686,62160,"botnet, elf, KAITEN, Tsunami",NDA0E
463,Tsunami,2024,375e4983b3c9a1d4bfa1881d5ebdedb6,4a2517c600ce0564f5a17050c3b348799cfc4214,58df02cc367f5e445584bdaf399989c65734ac1cb349197550be2aca109ca871,https://bazaar.abuse.ch/sample/58df02cc367f5e445584bdaf399989c65734ac1cb349197550be2aca109ca871/,Si,https://www.virustotal.com/gui/file/58df02cc367f5e445584bdaf399989c65734ac1cb349197550be2aca109ca871,,,Linux / ELF,,,2024-08-21 17:53:10,botirc.m68k,78744,"botnet, elf, KAITEN, mirai, Tsunami",NDA0E
464,Tsunami,2024,8056d097e1340b7c4f8e34890f4dcb79,e61a7766e15df7ee5e1788eae07272faf2d45e94,7bfd44d5db818732f710809434fa4c3c2dbc001c27016710edba58e047283f1f,https://bazaar.abuse.ch/sample/7bfd44d5db818732f710809434fa4c3c2dbc001c27016710edba58e047283f1f/,Si,https://www.virustotal.com/gui/file/7bfd44d5db818732f710809434fa4c3c2dbc001c27016710edba58e047283f1f,,,Linux / ELF,,,2024-08-21 17:53:13,botirc.mpsl,90312,"botnet, elf, KAITEN, Tsunami",NDA0E
465,Tsunami,2024,575b8a7a7a34a59916ac2dca17b46a9d,3c0db7fe1e619dae66648fc2c8803854d8f4c438,0a073f905cfa696a77a34a7217e7b9006bf0cc2b45da59de2bf983fd58d91648,https://bazaar.abuse.ch/sample/0a073f905cfa696a77a34a7217e7b9006bf0cc2b45da59de2bf983fd58d91648/,Si,https://www.virustotal.com/gui/file/0a073f905cfa696a77a34a7217e7b9006bf0cc2b45da59de2bf983fd58d91648,,,Linux / ELF,,,2024-08-21 17:53:14,botirc.ppc,71364,"botnet, elf, KAITEN, Tsunami",NDA0E
466,Tsunami,2024,2d1b33df3d011a2114e214144fc15eed,e9fddb6d7ec33f348c274cd6237d92dca234e8a9,c5952262a01f18bab640b314ca71ff85b4fe423ad82ba912b2146f55abaeab50,https://bazaar.abuse.ch/sample/c5952262a01f18bab640b314ca71ff85b4fe423ad82ba912b2146f55abaeab50/,Si,https://www.virustotal.com/gui/file/c5952262a01f18bab640b314ca71ff85b4fe423ad82ba912b2146f55abaeab50,,,Linux / ELF,,,2024-08-21 17:53:16,botirc.sh4,63548,"botnet, elf, KAITEN, Tsunami",NDA0E
467,Tsunami,2024,3a060ab202d9bffe1443a20c4871c236,047f71e6c59270e292f5ac534b41f944144312bd,4e21f5e14cc94b4fbd2c1df83799592a39e9ee15075daf1ab73bb361e64efdf8,https://bazaar.abuse.ch/sample/4e21f5e14cc94b4fbd2c1df83799592a39e9ee15075daf1ab73bb361e64efdf8/,Si,https://www.virustotal.com/gui/file/4e21f5e14cc94b4fbd2c1df83799592a39e9ee15075daf1ab73bb361e64efdf8,,,Linux / ELF,,,2024-08-21 17:53:18,botirc.x86,60304,"botnet, elf, KAITEN, Tsunami",NDA0E
468,Tsunami,2024,40a9e2d6ee1c1f4c9e63e601eb432fb0,0c7a6c780b7a562b7a2b2a34feacc16a75c25e42,66ecd76d6fa64d245441d776e4f919072ed63a6655328fa25b3e214394e43447,https://bazaar.abuse.ch/sample/66ecd76d6fa64d245441d776e4f919072ed63a6655328fa25b3e214394e43447/,Si,https://www.virustotal.com/gui/file/66ecd76d6fa64d245441d776e4f919072ed63a6655328fa25b3e214394e43447,,,Linux / ELF,,,2024-10-19 11:39:29,yakuza.arm4,155337,"elf, gafgyt, Tsunami, Yakuza",NDA0E
469,Tsunami,2024,40367a4149e02090173fb07257edf6dc,95f38557ae121c5255fafddc6bb39e33efd59bd7,ae6526a182d2c809ff9b67eca62b53f9acac75247b0bc6423d43ac60dc1832fa,https://bazaar.abuse.ch/sample/ae6526a182d2c809ff9b67eca62b53f9acac75247b0bc6423d43ac60dc1832fa/,Si,https://www.virustotal.com/gui/file/ae6526a182d2c809ff9b67eca62b53f9acac75247b0bc6423d43ac60dc1832fa,,,Linux / ELF,,,2024-10-19 11:39:31,yakuza.arm5,148775,"elf, gafgyt, Tsunami, Yakuza",NDA0E
470,Tsunami,2024,f92f2b6c2e7a924d864906b702f8ee88,4f93d33a4da9c35c44fbdab3e819ca10f42ee3d3,d6f7fa3acf502d0b6e11197d80d305748999225be6f4eaf28e05a7c94facd432,https://bazaar.abuse.ch/sample/d6f7fa3acf502d0b6e11197d80d305748999225be6f4eaf28e05a7c94facd432/,Si,https://www.virustotal.com/gui/file/d6f7fa3acf502d0b6e11197d80d305748999225be6f4eaf28e05a7c94facd432,,,Linux / ELF,,,2024-10-22 16:05:53,pty,44656,"elf, Tsunami",abuse_ch
471,Tsunami,2024,8d4a6b005fe1b8b6ab08ac9501a13110,ac3449f4ff85338a4cc99581070f358fb30ce1a1,a64ddaa1e3747b10863af3b60e79bbef1295a71ffdf3dd15a390d5926a6c3c13,https://bazaar.abuse.ch/sample/a64ddaa1e3747b10863af3b60e79bbef1295a71ffdf3dd15a390d5926a6c3c13/,Si,https://www.virustotal.com/gui/file/a64ddaa1e3747b10863af3b60e79bbef1295a71ffdf3dd15a390d5926a6c3c13,,,Linux / ELF,,,2024-10-22 16:05:54,irq0,619847,"elf, Tsunami",abuse_ch
472,Tsunami,2024,2aa1abc12fdf779dbe4e71ed20111bce,fee772fa1e9c94d9b89ffa3fa89df08c4a1fe84f,a1f211877e5ac29682f07d0b97d02ee936ed02f3355b68d7163b3336164d85f6,https://bazaar.abuse.ch/sample/a1f211877e5ac29682f07d0b97d02ee936ed02f3355b68d7163b3336164d85f6/,Si,https://www.virustotal.com/gui/file/a1f211877e5ac29682f07d0b97d02ee936ed02f3355b68d7163b3336164d85f6,,,Linux / ELF,,,2024-10-22 16:05:56,irq1,523052,"elf, Tsunami",abuse_ch
473,Tsunami,2024,2ad737fb9e6ce08a164ddb8386f19b16,86e87501edbdb8b6ee6ada9497ba2b62d741decc,8e9cd77c31ba14b925208fa5e3d9f5675909f0a5ebc2399bdd9e36279314abd1,https://bazaar.abuse.ch/sample/8e9cd77c31ba14b925208fa5e3d9f5675909f0a5ebc2399bdd9e36279314abd1/,Si,https://www.virustotal.com/gui/file/8e9cd77c31ba14b925208fa5e3d9f5675909f0a5ebc2399bdd9e36279314abd1,,,Linux / ELF,,,2024-10-22 16:05:57,irq2,527665,"elf, Tsunami",abuse_ch
474,Tsunami,2024,c4983a3afd6e9c09b1e4c6cb59eede81,a8541ff396d4c9f9c988e8f5580e5d581b7f0663,0eef04af376d3a676ae0dd4d372f906e2cb65235beff38c7f1db787b93b1e8b7,https://bazaar.abuse.ch/sample/0eef04af376d3a676ae0dd4d372f906e2cb65235beff38c7f1db787b93b1e8b7/,Si,https://www.virustotal.com/gui/file/0eef04af376d3a676ae0dd4d372f906e2cb65235beff38c7f1db787b93b1e8b7,,,Linux / ELF,,,2024-11-27 04:06:05,ns3.jpg,37960,"elf, Tsunami",abuse_ch
475,Tsunami,2024,163a7c226db0f1f270af859d1bef6bb0,422264e4145ee430dfb0e0938d2dbf12399cc9b0,a08e44f2528110b38a54253418ab4562654270d6f88fb2cc668270ad63d2df2c,https://bazaar.abuse.ch/sample/a08e44f2528110b38a54253418ab4562654270d6f88fb2cc668270ad63d2df2c/,Si,https://www.virustotal.com/gui/file/a08e44f2528110b38a54253418ab4562654270d6f88fb2cc668270ad63d2df2c,,,Linux / ELF,,,2024-11-29 07:51:33,mips,36644,"elf, Tsunami",abuse_ch
476,Tsunami,2024,21ce8a223d090e7727d9e46318a966b0,f63295e5c38bde8b24f4070bbaae648cdbcfc19f,d82ac9edd4abbe751347ca334b9bee1a23dcf12335ac411d0cc06af31d863968,https://bazaar.abuse.ch/sample/d82ac9edd4abbe751347ca334b9bee1a23dcf12335ac411d0cc06af31d863968/,Si,https://www.virustotal.com/gui/file/d82ac9edd4abbe751347ca334b9bee1a23dcf12335ac411d0cc06af31d863968,,,Linux / ELF,,,2024-11-29 07:51:34,mipsel,36976,"elf, Tsunami",abuse_ch
477,Tsunami,2024,460c3e9b48f3962181d8a8b1f3c2d61e,ac0b36378eebdf4e9d3fde2bfd069c19a8516ad1,93fafd14d9725310d84eb8ffabb239910a57e89d54a2d2e2d559ee75beda6ffb,https://bazaar.abuse.ch/sample/93fafd14d9725310d84eb8ffabb239910a57e89d54a2d2e2d559ee75beda6ffb/,Si,https://www.virustotal.com/gui/file/93fafd14d9725310d84eb8ffabb239910a57e89d54a2d2e2d559ee75beda6ffb,,,Linux / ELF,,,2024-11-29 15:46:37,armv6l,37304,"elf, Tsunami",abuse_ch
478,Tsunami,2024,927dde78ff1dfa5042c9edd3058ed648,638a416638528ad0e926ba60b475a7f59693c512,43aae8549cbb03b1be5ed0ddb89d9681c5dd514fba6ec46a90f0415e5a15bfd1,https://bazaar.abuse.ch/sample/43aae8549cbb03b1be5ed0ddb89d9681c5dd514fba6ec46a90f0415e5a15bfd1/,Si,https://www.virustotal.com/gui/file/43aae8549cbb03b1be5ed0ddb89d9681c5dd514fba6ec46a90f0415e5a15bfd1,,,Linux / ELF,,,2024-11-29 15:46:38,powerpc,75260,"elf, Tsunami",abuse_ch
479,Tsunami,2024,257cf50234e59cfb5f77de34aa7d73d4,f3922a6f19c314b4129f0230cc3d473b01ece5c8,48e8752ed600212718a91a2d06bd709fbfd08199449a51d415dc57467b5cffe5,https://bazaar.abuse.ch/sample/48e8752ed600212718a91a2d06bd709fbfd08199449a51d415dc57467b5cffe5/,Si,https://www.virustotal.com/gui/file/48e8752ed600212718a91a2d06bd709fbfd08199449a51d415dc57467b5cffe5,,,Linux / ELF,,,2024-11-29 15:46:39,armv7l,32445,"elf, Tsunami",abuse_ch
480,Tsunami,2024,737a752561f293aa246d6d09fea9e022,450316027b307997c952ebe59bcf801b2a56f3fb,831d54e8cdc5857361edcd434546a2ed823a29b4aaa5000e925a232ff34d01e1,https://bazaar.abuse.ch/sample/831d54e8cdc5857361edcd434546a2ed823a29b4aaa5000e925a232ff34d01e1/,Si,https://www.virustotal.com/gui/file/831d54e8cdc5857361edcd434546a2ed823a29b4aaa5000e925a232ff34d01e1,,,Linux / ELF,,,2024-11-29 15:46:40,m68k,30536,"elf, Tsunami",abuse_ch
481,Tsunami,2024,aa9ebd0875ec791826841978de3a6ddb,4f934a2a3ef715d0fd54bacbe42810d150121514,9176458ce521bfa363cc617f1c65a65ac6adc29acfe0c751d6d2e00cf8878b1e,https://bazaar.abuse.ch/sample/9176458ce521bfa363cc617f1c65a65ac6adc29acfe0c751d6d2e00cf8878b1e/,Si,https://www.virustotal.com/gui/file/9176458ce521bfa363cc617f1c65a65ac6adc29acfe0c751d6d2e00cf8878b1e,,,Linux / ELF,,,2024-11-29 15:46:41,mips64abi,44192,"elf, Tsunami",abuse_ch
482,Tsunami,2024,deb83704d0bf6a7002be2c991ea6aee9,83e4bf2f2a5498386d01a2249f86da78ec7bc2f7,6a4921e304b97e9d9dd7c8be486a0126a29e83271918dfa612e3cd3376626e9e,https://bazaar.abuse.ch/sample/6a4921e304b97e9d9dd7c8be486a0126a29e83271918dfa612e3cd3376626e9e/,Si,https://www.virustotal.com/gui/file/6a4921e304b97e9d9dd7c8be486a0126a29e83271918dfa612e3cd3376626e9e,,,Linux / ELF,,,2024-11-29 15:46:42,s390x,41376,"elf, Tsunami",abuse_ch
483,Tsunami,2024,af92342957f50bb8b8f4089a6a9ffd04,0363364e6aaec10f08432ad729c0f2df0b540645,21654c6c26b23d238ab2fea14f9968abda399bd2eadbc9e3f54f41397f185b47,https://bazaar.abuse.ch/sample/21654c6c26b23d238ab2fea14f9968abda399bd2eadbc9e3f54f41397f185b47/,Si,https://www.virustotal.com/gui/file/21654c6c26b23d238ab2fea14f9968abda399bd2eadbc9e3f54f41397f185b47,,,Linux / ELF,,,2024-11-29 15:46:43,mips64elgnuabi,44192,"elf, Tsunami",abuse_ch
484,Tsunami,2024,9d138eac1418b439d1972eb396786ffa,9f50880f6dd5f1fda21d5ef7c0b65dc5ce2b7b76,db153a1200db097071917a6bf0f3616c6cb2810c7d23f4c144a84f0638c5757d,https://bazaar.abuse.ch/sample/db153a1200db097071917a6bf0f3616c6cb2810c7d23f4c144a84f0638c5757d/,Si,https://www.virustotal.com/gui/file/db153a1200db097071917a6bf0f3616c6cb2810c7d23f4c144a84f0638c5757d,,,Linux / ELF,,,2024-11-29 15:46:44,ppc64,78464,"elf, Tsunami",abuse_ch
485,Tsunami,2024,c3f43bc8deae29600fa1e083458de662,a91d983b5aa3ccb520780db4e651c5d4bf022c30,bd74ba0fc7fa4edb980527d8350ec5d329513a3bac323aec225e037149f6e4b1,https://bazaar.abuse.ch/sample/bd74ba0fc7fa4edb980527d8350ec5d329513a3bac323aec225e037149f6e4b1/,Si,https://www.virustotal.com/gui/file/bd74ba0fc7fa4edb980527d8350ec5d329513a3bac323aec225e037149f6e4b1,,,Linux / ELF,,,2024-11-29 15:46:45,i686,34724,"elf, Tsunami",abuse_ch
486,Tsunami,2024,c9b5936c02aadf9f3217d50e5ea5aaef,8d6b1bce01a51941dc570b2843b170fc1a0ab1d8,74a07162be0c1ae9c08e919f94521263ecff5696935b6f8ab6bad1b17e1876bf,https://bazaar.abuse.ch/sample/74a07162be0c1ae9c08e919f94521263ecff5696935b6f8ab6bad1b17e1876bf/,Si,https://www.virustotal.com/gui/file/74a07162be0c1ae9c08e919f94521263ecff5696935b6f8ab6bad1b17e1876bf,,,Linux / ELF,,,2024-11-29 15:46:46,mips64el,52600,"elf, Tsunami",abuse_ch
487,Tsunami,2024,711aeb3fc39700661c71f1ca8016087c,a2789df6e86b77613befef1ba56922cc79b0cfb7,c2ba33b1b92cda9ad3af3ee57dd75c25a4b7c34336239ab1b9e2222ed37c1426,https://bazaar.abuse.ch/sample/c2ba33b1b92cda9ad3af3ee57dd75c25a4b7c34336239ab1b9e2222ed37c1426/,Si,https://www.virustotal.com/gui/file/c2ba33b1b92cda9ad3af3ee57dd75c25a4b7c34336239ab1b9e2222ed37c1426,,,Linux / ELF,,,2024-11-29 15:46:48,x86_64,41040,"elf, Tsunami",abuse_ch
488,Tsunami,2024,e5c88d4dbcd4b4d95a6e5c4a5b7ff95b,46c7209ca2010bd5da29d9eafec43d7019c060d1,ae93904685aceceec10da3d4d57e8577dcd467fc5b2962c99980469b58cb7ec0,https://bazaar.abuse.ch/sample/ae93904685aceceec10da3d4d57e8577dcd467fc5b2962c99980469b58cb7ec0/,Si,https://www.virustotal.com/gui/file/ae93904685aceceec10da3d4d57e8577dcd467fc5b2962c99980469b58cb7ec0,,,Linux / ELF,,,2024-11-29 15:46:49,sh4,71720,"elf, Tsunami",abuse_ch
489,Tsunami,2024,1b4fd35a6f047929ceb462ab2c6e0326,7eb886708bfbc1fdf42f7c73bcf2a61ba18155b4,ed009fb66c04c13c4119ce02edbf3cfeefcad538c9c1049ff32d0b56e42e06b8,https://bazaar.abuse.ch/sample/ed009fb66c04c13c4119ce02edbf3cfeefcad538c9c1049ff32d0b56e42e06b8/,Si,https://www.virustotal.com/gui/file/ed009fb66c04c13c4119ce02edbf3cfeefcad538c9c1049ff32d0b56e42e06b8,,,Linux / ELF,,,2024-11-29 15:46:50,sparc64,1058928,"elf, Tsunami",abuse_ch
490,Tsunami,2024,c5c29f1e34893dea0940744120d6b777,f99bebfab15bef6b4e23cddd981cc28b64e0949c,cbb3fc2817414150134913c01bba5c3fa7dd6ec6d17513f329b53024bacd5eb5,https://bazaar.abuse.ch/sample/cbb3fc2817414150134913c01bba5c3fa7dd6ec6d17513f329b53024bacd5eb5/,Si,https://www.virustotal.com/gui/file/cbb3fc2817414150134913c01bba5c3fa7dd6ec6d17513f329b53024bacd5eb5,,,Linux / ELF,,,2024-11-29 15:46:51,ppc64el,77616,"elf, Tsunami",abuse_ch
491,Tsunami,2024,f9b59b9f8a8a99af03965225fe52b867,2e3c0950e4d7a906b56724451e649f81e39d82c9,132b82db5d01fb2fce33889fb853514d19e4bc397cce57ab601bf7bef1ae25f9,https://bazaar.abuse.ch/sample/132b82db5d01fb2fce33889fb853514d19e4bc397cce57ab601bf7bef1ae25f9/,Si,https://www.virustotal.com/gui/file/132b82db5d01fb2fce33889fb853514d19e4bc397cce57ab601bf7bef1ae25f9,,,Linux / ELF,,,2024-11-29 15:46:52,aarch64,41848,"elf, Tsunami",abuse_ch
492,Tsunami,2024,2ef2e1dc8a3d9ba122dba2323f29ff24,9705b784e436d3f9f82703b7c0ea56a71095cd7d,4545ddd44249a565bdb5a661dd67e25a43d1978d45abf7db6d0b869bee1b0c45,https://bazaar.abuse.ch/sample/4545ddd44249a565bdb5a661dd67e25a43d1978d45abf7db6d0b869bee1b0c45/,Si,https://www.virustotal.com/gui/file/4545ddd44249a565bdb5a661dd67e25a43d1978d45abf7db6d0b869bee1b0c45,,,Linux / ELF,,,2024-11-29 15:46:53,arc,30700,"elf, Tsunami",abuse_ch
493,Tsunami,2024,a7e23c366ad93148f72136fca9750015,88cc09bc3dd1f1771537bc8810b15cd97fc8ddd2,965d13e8fedd1de24b78ffdde2e008330817b0c1a6fcc9fcb6799d57df5eb23f,https://bazaar.abuse.ch/sample/965d13e8fedd1de24b78ffdde2e008330817b0c1a6fcc9fcb6799d57df5eb23f/,Si,https://www.virustotal.com/gui/file/965d13e8fedd1de24b78ffdde2e008330817b0c1a6fcc9fcb6799d57df5eb23f,,,Linux / ELF,,,2024-11-29 15:46:54,mips64,35628,"elf, Tsunami",abuse_ch
494,Tsunami,2025,68d6298ae2a56dbefa1bba3372ac1ecc,1cfa5f9d5b271ef54e422628f00644f4a83e1620,6c3deb947eaf933fb57e7945afd96465df7456635b55e1c08b6a3394f4ac0142,https://bazaar.abuse.ch/sample/6c3deb947eaf933fb57e7945afd96465df7456635b55e1c08b6a3394f4ac0142/,Si,https://www.virustotal.com/gui/file/6c3deb947eaf933fb57e7945afd96465df7456635b55e1c08b6a3394f4ac0142,,,Linux / ELF,,,2025-02-07 14:41:35,b1,185460,"elf, Tsunami",abuse_ch
495,Tsunami,2025,1942bb965ed1d5287afde366af8a7d30,4d8fce3c9f78ae1226f6ccb3361f5a2b59343a54,31bb97ce0b8274599f47a8630b58a303d2f3dde966df511cd3dc3f993780ceec,https://bazaar.abuse.ch/sample/31bb97ce0b8274599f47a8630b58a303d2f3dde966df511cd3dc3f993780ceec/,Si,https://www.virustotal.com/gui/file/31bb97ce0b8274599f47a8630b58a303d2f3dde966df511cd3dc3f993780ceec,,,Linux / ELF,,,2025-02-07 23:06:17,b1,185344,"elf, mirai, Tsunami",abuse_ch
496,Tsunami,2025,52e2c364e2e1533a738643996bcff28f,beaba3c3b15d92a2e7b28de856b386bfce6a5ab2,91a55c8ad534fb2c4f3f1d1357c326bf5211d044a993c4b0969292e7b9d7b071,https://bazaar.abuse.ch/sample/91a55c8ad534fb2c4f3f1d1357c326bf5211d044a993c4b0969292e7b9d7b071/,Si,https://www.virustotal.com/gui/file/91a55c8ad534fb2c4f3f1d1357c326bf5211d044a993c4b0969292e7b9d7b071,,,Linux / ELF,,,2025-02-08 05:16:24,b1,185352,"elf, Tsunami",abuse_ch
497,Tsunami,2025,8b9d28ae47aafb38db4aded3c2492220,dd2abb755f2a9e5de6e55549f1c9221e54ed82aa,210c65c6af61d62146925dbe5821f90e8eb9282775fb48921bb573facc478c52,https://bazaar.abuse.ch/sample/210c65c6af61d62146925dbe5821f90e8eb9282775fb48921bb573facc478c52/,Si,https://www.virustotal.com/gui/file/210c65c6af61d62146925dbe5821f90e8eb9282775fb48921bb573facc478c52,,,Linux / ELF,,,2025-02-26 17:22:31,zboti586,160154,"elf, Tsunami",abuse_ch
498,Tsunami,2025,132b6aeefa560fb5c9467c38f972dcb7,bff41437f571330bee8e852033a13d854cc6625d,a2a6ff1fef59ee49883572b54f7a76e152131e37c00fb1f3054c3a847a2e939c,https://bazaar.abuse.ch/sample/a2a6ff1fef59ee49883572b54f7a76e152131e37c00fb1f3054c3a847a2e939c/,Si,https://www.virustotal.com/gui/file/a2a6ff1fef59ee49883572b54f7a76e152131e37c00fb1f3054c3a847a2e939c,,,Linux / ELF,,,2025-02-26 17:22:32,zboti686,163802,"elf, Tsunami",abuse_ch
499,Tsunami,2025,e9927f80d566121329d44fc3c2730f43,90ba2142bc4c4cbe3bae4636327ce13ae093bf2f,289d4584e3f81619b3ac0db00a405af9992aecda3e1b5c1b1e66bb75707f0c0b,https://bazaar.abuse.ch/sample/289d4584e3f81619b3ac0db00a405af9992aecda3e1b5c1b1e66bb75707f0c0b/,Si,https://www.virustotal.com/gui/file/289d4584e3f81619b3ac0db00a405af9992aecda3e1b5c1b1e66bb75707f0c0b,,,Linux / ELF,,,2025-02-26 17:22:34,zbotmips,250204,"elf, Tsunami",abuse_ch
500,Tsunami,2025,9616c471d241cdd21bd200c28d5f4051,5ab6e448c28b76b3bbaf37b35d73767e62efe15b,8d8129af0b4c7f0e3a14d7e7302e9ae9ddef9b32ec69bfc71584d16c52cd8e12,https://bazaar.abuse.ch/sample/8d8129af0b4c7f0e3a14d7e7302e9ae9ddef9b32ec69bfc71584d16c52cd8e12/,Si,https://www.virustotal.com/gui/file/8d8129af0b4c7f0e3a14d7e7302e9ae9ddef9b32ec69bfc71584d16c52cd8e12,,,Linux / ELF,,,2025-02-26 17:22:35,zbotsh4,176241,"elf, Tsunami",abuse_ch
501,Tsunami,2025,abe3659a501e916ca0391114ba5f8ee4,e47028e4f2154b62e43f23df7fd14c76340b81b8,7a44cf5e4f75ce61edc23828f21a542357e19ba66c70bd26b50bbce051382505,https://bazaar.abuse.ch/sample/7a44cf5e4f75ce61edc23828f21a542357e19ba66c70bd26b50bbce051382505/,Si,https://www.virustotal.com/gui/file/7a44cf5e4f75ce61edc23828f21a542357e19ba66c70bd26b50bbce051382505,,,Linux / ELF,,,2025-02-26 17:22:37,zbotmipsel,250457,"elf, Tsunami",abuse_ch
502,Tsunami,2025,2e863489088ca86d1de69f4755d824d4,02590acd6b9ca15e149d6bb719bc5c1541bfe128,af3c74458d3cba5c2367c962db37cc1528b784b7e2259779f49397d35c810e30,https://bazaar.abuse.ch/sample/af3c74458d3cba5c2367c962db37cc1528b784b7e2259779f49397d35c810e30/,Si,https://www.virustotal.com/gui/file/af3c74458d3cba5c2367c962db37cc1528b784b7e2259779f49397d35c810e30,,,Linux / ELF,,,2025-02-26 17:22:38,zbotarmv6,129242,"elf, Tsunami",abuse_ch
503,Tsunami,2025,ecef9365be0417b83a067cfa4e8a3d05,35aba198bbaf13d661c853ffff19324f13ab5bb5,15b4e2421206bbf30c54d1198f344c39b34b2b9569234a740010e070f3475930,https://bazaar.abuse.ch/sample/15b4e2421206bbf30c54d1198f344c39b34b2b9569234a740010e070f3475930/,Si,https://www.virustotal.com/gui/file/15b4e2421206bbf30c54d1198f344c39b34b2b9569234a740010e070f3475930,,,Linux / ELF,,,2025-02-26 17:22:39,zbotx86,198700,"elf, Tsunami",abuse_ch
504,Tsunami,2025,e0c0873263eb23d5092363f938ea9ca2,0ccd5083fa4a223b8b4cb2305c34e98c13accb92,8d411d1ec4327e5a10b8ffddaacdac17a0a6acab43db81202119604b35c7317b,https://bazaar.abuse.ch/sample/8d411d1ec4327e5a10b8ffddaacdac17a0a6acab43db81202119604b35c7317b/,Si,https://www.virustotal.com/gui/file/8d411d1ec4327e5a10b8ffddaacdac17a0a6acab43db81202119604b35c7317b,,,Linux / ELF,,,2025-03-08 22:35:50,pty4,44988,"elf, Tsunami",abuse_ch
505,Tsunami,2025,a4d9207f0aac2e98174e411e262858e4,053fa855fb931241edea8d68b181bb970e782e2b,47ae4040d1a421d43309e11b9e2fcd687f34f085e203ef170913708ca3c35e3c,https://bazaar.abuse.ch/sample/47ae4040d1a421d43309e11b9e2fcd687f34f085e203ef170913708ca3c35e3c/,Si,https://www.virustotal.com/gui/file/47ae4040d1a421d43309e11b9e2fcd687f34f085e203ef170913708ca3c35e3c,,,Linux / ELF,,,2025-04-10 15:53:29,sshd,131692,"elf, Tsunami",abuse_ch
506,Tsunami,2025,e424aedd384694c6443db01a30067cc6,4d0033f17f9a668f4e17d68e7406a367abe2683a,ffd0d8917f83a73abb2032cb9bc39fe06d936b4c1ca2b7d3754f31cf4e1a61da,https://bazaar.abuse.ch/sample/ffd0d8917f83a73abb2032cb9bc39fe06d936b4c1ca2b7d3754f31cf4e1a61da/,Si,https://www.virustotal.com/gui/file/ffd0d8917f83a73abb2032cb9bc39fe06d936b4c1ca2b7d3754f31cf4e1a61da,,,Linux / ELF,,,2025-04-10 15:53:30,cron,102657,"elf, Tsunami",abuse_ch
507,Tsunami,2025,80d34aeebf46112c9980cbbadc7e8189,22206d83720b5817607fa2f4f6fe2d4fa50ca136,d16ace611411d40819b9595771c9f4a43edbf813422ffcbb3565f559275a3217,https://bazaar.abuse.ch/sample/d16ace611411d40819b9595771c9f4a43edbf813422ffcbb3565f559275a3217/,Si,https://www.virustotal.com/gui/file/d16ace611411d40819b9595771c9f4a43edbf813422ffcbb3565f559275a3217,,,Linux / ELF,,,2025-04-10 15:53:31,pftp,107234,"elf, mirai, Tsunami",abuse_ch
508,Tsunami,2025,f9f2062dcc5b760a798322c864956253,8ce172a41812c1e0c7c415122b3bd89ce44201c9,7233d3141ad8d592387d9e5c558b7284994b24593558137b3423640ebdf0ea8e,https://bazaar.abuse.ch/sample/7233d3141ad8d592387d9e5c558b7284994b24593558137b3423640ebdf0ea8e/,Si,https://www.virustotal.com/gui/file/7233d3141ad8d592387d9e5c558b7284994b24593558137b3423640ebdf0ea8e,,,Linux / ELF,,,2025-04-10 15:53:34,apache2,107344,"elf, Tsunami",abuse_ch
509,Tsunami,2025,72cb348a633f1fc37fa3258a4920ef08,4ee69edc06b58ec5f648cb1f3ab22ced7943c621,ec14c3dc5fed90af06ddf0107951b686e051d6b31c01998c42ecb1af3e022f79,https://bazaar.abuse.ch/sample/ec14c3dc5fed90af06ddf0107951b686e051d6b31c01998c42ecb1af3e022f79/,Si,https://www.virustotal.com/gui/file/ec14c3dc5fed90af06ddf0107951b686e051d6b31c01998c42ecb1af3e022f79,,,Linux / ELF,,,2025-04-10 15:53:37,sh,109568,"elf, Tsunami",abuse_ch
510,Tsunami,2025,9cf66fd4b0e9ebd02de030bd7d66bed4,e500c59f50c21e7daa5508378dd3b6f1eb1966a4,470edc890dbc27bf067dfd2667ff90e2f70270a073767bd9511bdf525f6d9ba1,https://bazaar.abuse.ch/sample/470edc890dbc27bf067dfd2667ff90e2f70270a073767bd9511bdf525f6d9ba1/,Si,https://www.virustotal.com/gui/file/470edc890dbc27bf067dfd2667ff90e2f70270a073767bd9511bdf525f6d9ba1,,,Linux / ELF,,,2025-04-10 15:53:38,wget,89034,"elf, Tsunami",abuse_ch
511,Tsunami,2025,810b74df05ab68bda5ccd03c84e9e5fe,95b7e06b500c4cf9c1d7fa9a2a07b52efb7b3cf7,b5ebcd614676d598bad295035905850626e2235032485dc096586e3fd50cf7df,https://bazaar.abuse.ch/sample/b5ebcd614676d598bad295035905850626e2235032485dc096586e3fd50cf7df/,Si,https://www.virustotal.com/gui/file/b5ebcd614676d598bad295035905850626e2235032485dc096586e3fd50cf7df,,,Linux / ELF,,,2025-04-10 15:53:40,tftp,128908,"elf, Tsunami",abuse_ch
512,Tsunami,2025,cdd02051cff3f8cfea87c6a7bb84510e,f01fac48cab34367c6967b5d2a16bda60a50999f,60ba27f463c379a442c75247e59bb41c9daf1688cf1b99e0deb80a0610f5b043,https://bazaar.abuse.ch/sample/60ba27f463c379a442c75247e59bb41c9daf1688cf1b99e0deb80a0610f5b043/,Si,https://www.virustotal.com/gui/file/60ba27f463c379a442c75247e59bb41c9daf1688cf1b99e0deb80a0610f5b043,,,Linux / ELF,,,2025-04-10 15:53:42,ntpd,131692,"elf, Tsunami",abuse_ch
513,Tsunami,2025,41620546f82358dc809e5d0071b70147,a1d2d033add103d970b499dd1896007a8d8a56ae,5c383b1ee8c797d0239dc1f4012f9bf979586099e43b988d7fdba3f0f4f5c7ce,https://bazaar.abuse.ch/sample/5c383b1ee8c797d0239dc1f4012f9bf979586099e43b988d7fdba3f0f4f5c7ce/,Si,https://www.virustotal.com/gui/file/5c383b1ee8c797d0239dc1f4012f9bf979586099e43b988d7fdba3f0f4f5c7ce,,,Linux / ELF,,,2025-04-10 15:53:44,ftp,87722,"elf, Tsunami",abuse_ch
514,Tsunami,2025,006caf7d105c1b87d936b445ada6a0e3,1f7c9f7dd4413dad4caa3f93304c81e5b4e4851a,579bdbadcae077af067362f5099092f6775c25458b39ec4f7d6618bb07329bbc,https://bazaar.abuse.ch/sample/579bdbadcae077af067362f5099092f6775c25458b39ec4f7d6618bb07329bbc/,Si,https://www.virustotal.com/gui/file/579bdbadcae077af067362f5099092f6775c25458b39ec4f7d6618bb07329bbc,,,Linux / ELF,,,2025-04-10 15:53:52,n,103270,"elf, Tsunami",abuse_ch
515,Tsunami,2025,57c0e6bcc873c7ed126353010a396687,8fd40401db0e4a2797b50b89d2a8cea2d09e3804,628ab21a20f6e7d67e2ca82385ba11fd68e96046d1886d0ebcf9202d15e0bf46,https://bazaar.abuse.ch/sample/628ab21a20f6e7d67e2ca82385ba11fd68e96046d1886d0ebcf9202d15e0bf46/,Si,https://www.virustotal.com/gui/file/628ab21a20f6e7d67e2ca82385ba11fd68e96046d1886d0ebcf9202d15e0bf46,,,Linux / ELF,,,2025-04-10 15:53:53,openssh,98540,"elf, Tsunami",abuse_ch
516,Tsunami,2025,c114b74f92401fa9d943bf16261a0773,7321b1c3e3b28fef56b9a2a3904f30762b334772,9008df169663a3987b7dd62d5ae24a5d2b61e650978abde357e43095fd91b2bf,https://bazaar.abuse.ch/sample/9008df169663a3987b7dd62d5ae24a5d2b61e650978abde357e43095fd91b2bf/,Si,https://www.virustotal.com/gui/file/9008df169663a3987b7dd62d5ae24a5d2b61e650978abde357e43095fd91b2bf,,,Linux / ELF,,,2025-04-11 19:32:38,na,114530,"elf, Tsunami",abuse_ch
517,Tsunami,2025,67192205c0fead74bf2aa1d650b7d553,c16910f77ced5e0709f4e0972a37c8b03460a2ee,8d833eef6f817c6fe2ce2b58b3ef99344bbe2b8558a427bb0cdec9aba3f3ebbb,https://bazaar.abuse.ch/sample/8d833eef6f817c6fe2ce2b58b3ef99344bbe2b8558a427bb0cdec9aba3f3ebbb/,Si,https://www.virustotal.com/gui/file/8d833eef6f817c6fe2ce2b58b3ef99344bbe2b8558a427bb0cdec9aba3f3ebbb,,,Linux / ELF,,,2025-04-17 09:59:58,h,174924,"elf, Tsunami",abuse_ch
518,Tsunami,2025,84ddea74ad3cadbc9d705c975b15e410,859a393d9ea6f9f4c8bd04b8e51a859a3b59fcdf,95873fc49a604829eb612e666b20287fe0976311b2e2e6a295626bae3a72c4ac,https://bazaar.abuse.ch/sample/95873fc49a604829eb612e666b20287fe0976311b2e2e6a295626bae3a72c4ac/,Si,https://www.virustotal.com/gui/file/95873fc49a604829eb612e666b20287fe0976311b2e2e6a295626bae3a72c4ac,,,Linux / ELF,,,2025-04-17 10:00:04,g1,152240,"elf, Tsunami",abuse_ch
519,Tsunami,2025,89ce675ecc4ca2e46f1c412a7074aaf9,cbd5de6624cfd3d76e4cb72eb49938c6b12b2f1d,c2cdab77264c2bda90a1e150dad77a827183d358f51fbf2325282293809e6ad8,https://bazaar.abuse.ch/sample/c2cdab77264c2bda90a1e150dad77a827183d358f51fbf2325282293809e6ad8/,Si,https://www.virustotal.com/gui/file/c2cdab77264c2bda90a1e150dad77a827183d358f51fbf2325282293809e6ad8,,,Linux / ELF,,,2025-05-20 17:07:36,bash,107312,"elf, Tsunami",abuse_ch
520,Tsunami,2025,e3b2336c706986783af5d7c57712230a,0f9bee5e037217b73a44f5d9806cc77e01e9517b,7de5e28eb4140487d9c1414571e8dc732185324a0b45fbd47459e6aadfef3519,https://bazaar.abuse.ch/sample/7de5e28eb4140487d9c1414571e8dc732185324a0b45fbd47459e6aadfef3519/,Si,https://www.virustotal.com/gui/file/7de5e28eb4140487d9c1414571e8dc732185324a0b45fbd47459e6aadfef3519,,,Linux / ELF,,,2025-08-21 02:47:39,kitty.aarch64,67664,"elf, mirai, Tsunami",abuse_ch
521,Tsunami,2025,0bdb8299becb9ed0b8d3816177b665ce,11f57874fc60e6204d326a1925f66acb148d88c0,1a930b4aa7c5f6e140466a8309037bf5def5614f7ed514bd9010868b8f51710b,https://bazaar.abuse.ch/sample/1a930b4aa7c5f6e140466a8309037bf5def5614f7ed514bd9010868b8f51710b/,Si,https://www.virustotal.com/gui/file/1a930b4aa7c5f6e140466a8309037bf5def5614f7ed514bd9010868b8f51710b,,,Linux / ELF,,,2025-08-25 01:27:17,kitty.aarch64,63096,"elf, Tsunami",abuse_ch
522,Tsunami,2025,d7358cf973e106cfe94fe65d4d8e12e7,c8f0af8f0b523e0f6fbcad23fb05db21e63c82b8,482a83b60284c78d240193b751c3f95803f2b3a30bfbc66b7b4830843fd0acb1,https://bazaar.abuse.ch/sample/482a83b60284c78d240193b751c3f95803f2b3a30bfbc66b7b4830843fd0acb1/,Si,https://www.virustotal.com/gui/file/482a83b60284c78d240193b751c3f95803f2b3a30bfbc66b7b4830843fd0acb1,,,Linux / ELF,,,2025-10-09 05:38:55,frost.aarch64,63104,"elf, Tsunami",abuse_ch
523,Tsunami,2025,1c240963b00c7a45a5af55d9009b2a53,d74023aba0697046640ef57a3fb940c88e7ec4e0,73adcaa30bfcaf249c983a758dcf1ef620b9dc6e05b5611d33dd486f4a30a6cf,https://bazaar.abuse.ch/sample/73adcaa30bfcaf249c983a758dcf1ef620b9dc6e05b5611d33dd486f4a30a6cf/,Si,https://www.virustotal.com/gui/file/73adcaa30bfcaf249c983a758dcf1ef620b9dc6e05b5611d33dd486f4a30a6cf,,,Linux / ELF,,,2025-10-14 20:29:23,aarch64,95500,"elf, Tsunami",abuse_ch
524,Tsunami,2025,f394ecfbd02494369cd4cca7a70059fa,1141e4b24f23b3dbcabec6cc9bef334c6e104e9b,9701ae7249aa394624bf33096e3f5dd2be0bb778debba3364f5277a50874cc31,https://bazaar.abuse.ch/sample/9701ae7249aa394624bf33096e3f5dd2be0bb778debba3364f5277a50874cc31/,Si,https://www.virustotal.com/gui/file/9701ae7249aa394624bf33096e3f5dd2be0bb778debba3364f5277a50874cc31,,,Linux / ELF,,,2025-11-20 20:38:52,ns3.jpg,50640,"elf, Tsunami",abuse_ch
525,Tsunami,2025,a7e91fd8707d3def7c1a16bf5a3c7045,2a187641691d03e7ccd0d6418712ac8767fbc103,8f622584f796c260732cd340698cf10568c396ae7994c8e11b186fa367707b2a,https://bazaar.abuse.ch/sample/8f622584f796c260732cd340698cf10568c396ae7994c8e11b186fa367707b2a/,Si,https://www.virustotal.com/gui/file/8f622584f796c260732cd340698cf10568c396ae7994c8e11b186fa367707b2a,,,Linux / ELF,,,2025-12-20 19:28:03,bash,101625,"elf, Tsunami",abuse_ch
526,Tsunami,2026,d204073821146fdd64a233c1c920c564,f6b410ba9d2c3e3931543a0a17789126a1858b87,bc61d17def48adc20f861ecd30790859dce642e0922c18131261806e7afb0a66,https://bazaar.abuse.ch/sample/bc61d17def48adc20f861ecd30790859dce642e0922c18131261806e7afb0a66/,Si,https://www.virustotal.com/gui/file/bc61d17def48adc20f861ecd30790859dce642e0922c18131261806e7afb0a66,,,Linux / ELF,,,2026-01-12 02:32:33,sshd,131692,"elf, Tsunami",abuse_ch
527,Tsunami,2026,c1e4857fee9b303f4b80d9b13456ab91,871ab4ecfd3155e947debd28c9c9ceaf3c7dcc3f,6b6338e455c34640ca9eda99c81bbb7246c9736869312da32571365b00e8c2f4,https://bazaar.abuse.ch/sample/6b6338e455c34640ca9eda99c81bbb7246c9736869312da32571365b00e8c2f4/,Si,https://www.virustotal.com/gui/file/6b6338e455c34640ca9eda99c81bbb7246c9736869312da32571365b00e8c2f4,,,Linux / ELF,,,2026-01-23 16:11:09,bash,101621,"elf, Tsunami",abuse_ch
528,Tsunami,2026,7cd9c8c22aabed553ac6b9fef1ad66b4,59a3cea9bd480115948c641aff2908504baf207d,184dba33e23297345d0c88fea4c0931a692a143c6d6cbbaae5ace19e08f83833,https://bazaar.abuse.ch/sample/184dba33e23297345d0c88fea4c0931a692a143c6d6cbbaae5ace19e08f83833/,Si,https://www.virustotal.com/gui/file/184dba33e23297345d0c88fea4c0931a692a143c6d6cbbaae5ace19e08f83833,,,Linux / ELF,,,2026-01-26 01:24:35,pty1,56604,"elf, Tsunami",abuse_ch
529,Tsunami,2026,917ed770612210f96f732208405c6aae,aed0919070e0920c6476f6b8f11fc2cb63e8dcf5,cd22d7a8e1ff2749ada4d254975a374dd40b27ad1203ecef4b777b32e0909477,https://bazaar.abuse.ch/sample/cd22d7a8e1ff2749ada4d254975a374dd40b27ad1203ecef4b777b32e0909477/,Si,https://www.virustotal.com/gui/file/cd22d7a8e1ff2749ada4d254975a374dd40b27ad1203ecef4b777b32e0909477,,,Linux / ELF,,,2026-01-26 01:24:37,pty5,52500,"elf, Tsunami",abuse_ch
530,Tsunami,2026,cb8914176c5e24248fe765248766822b,ec582bb6fa6f5cba3b2d34d48ed7cd1157a1b0df,7651345acd772a4048ed69490bdd02d7dab39d0fb02e9a1aec565a5f1503969c,https://bazaar.abuse.ch/sample/7651345acd772a4048ed69490bdd02d7dab39d0fb02e9a1aec565a5f1503969c/,Si,https://www.virustotal.com/gui/file/7651345acd772a4048ed69490bdd02d7dab39d0fb02e9a1aec565a5f1503969c,,,Linux / ELF,,,2026-01-26 01:24:38,pty2,56208,"elf, Tsunami",abuse_ch
531,Tsunami,2026,895a8e146f5e855018cb3ce5f85f0e45,0f0a8ae96f0d5e05885450ef684f75397497b117,a7682d1edc81925c3d7d2738db2283c742144d8321cfaf1888cdb66c1cd6ae83,https://bazaar.abuse.ch/sample/a7682d1edc81925c3d7d2738db2283c742144d8321cfaf1888cdb66c1cd6ae83/,Si,https://www.virustotal.com/gui/file/a7682d1edc81925c3d7d2738db2283c742144d8321cfaf1888cdb66c1cd6ae83,,,Linux / ELF,,,2026-01-26 01:24:39,pty3,49068,"elf, Tsunami",abuse_ch
532,Tsunami,2026,7a037c0a072ef513fbf06b9e319ec708,cc8b716db51426ad7c85c4fc349fb0191603be7e,7d22fabcc98916294775e10101526492c105b583ccc9cf3e2edad9187dab4f14,https://bazaar.abuse.ch/sample/7d22fabcc98916294775e10101526492c105b583ccc9cf3e2edad9187dab4f14/,Si,https://www.virustotal.com/gui/file/7d22fabcc98916294775e10101526492c105b583ccc9cf3e2edad9187dab4f14,,,Linux / ELF,,,2026-01-26 01:24:40,pty4,44972,"elf, Tsunami",abuse_ch
533,Tsunami,2026,4ce6a00b6110069929311e18e32973ad,7c6337ae3ab32c5ed9f353ff986962536ba995a9,aebc7d622eaef343c462ac1f4442191798c3f59563f222fa8cf386d15fe44225,https://bazaar.abuse.ch/sample/aebc7d622eaef343c462ac1f4442191798c3f59563f222fa8cf386d15fe44225/,Si,https://www.virustotal.com/gui/file/aebc7d622eaef343c462ac1f4442191798c3f59563f222fa8cf386d15fe44225,,,Linux / ELF,,,2026-01-26 01:24:42,pty10,801296,"elf, Tsunami",abuse_ch
534,Tsunami,2026,2052ec4a3d8a89a121ac0efa68f11509,2200245b6571d74c9ddc476fa3fa218d1a68f335,6730eb04edf45d590939d7ba36ca0d4f1d2f28a2692151e3c631e9f2d3612893,https://bazaar.abuse.ch/sample/6730eb04edf45d590939d7ba36ca0d4f1d2f28a2692151e3c631e9f2d3612893/,Si,https://www.virustotal.com/gui/file/6730eb04edf45d590939d7ba36ca0d4f1d2f28a2692151e3c631e9f2d3612893,,,Linux / ELF,,,2026-01-31 14:23:46,pty10,801436,"elf, Tsunami",abuse_ch
535,Tsunami,2026,207f0328df48b8119cf54b9c441577c7,a959e2eccfa741b98d523b076e58526cd140f2f7,b0a6198675dc402593f1ab74222c6bce60585961bb2cf3ada8e7d2836819847a,https://bazaar.abuse.ch/sample/b0a6198675dc402593f1ab74222c6bce60585961bb2cf3ada8e7d2836819847a/,Si,https://www.virustotal.com/gui/file/b0a6198675dc402593f1ab74222c6bce60585961bb2cf3ada8e7d2836819847a,,,Linux / ELF,,,2026-02-20 19:35:45,pty3,48884,"elf, Tsunami",abuse_ch
536,XorDDoS,2022,d46dd322e3cefa2b6eda0c96b84f7611,5dae4f419d23a4d5f42d4ea0e5d67382d26b34ca,47c0af3e024fb5b38a97768bb9f6dce954fe358ce7f24c46dcc23689e8687a70,https://bazaar.abuse.ch/sample/47c0af3e024fb5b38a97768bb9f6dce954fe358ce7f24c46dcc23689e8687a70/,Si,https://www.virustotal.com/gui/file/47c0af3e024fb5b38a97768bb9f6dce954fe358ce7f24c46dcc23689e8687a70,,,Linux / ELF,,,2022-03-08 22:22:26,x.o,625850,"ddos, elf, XorDDoS",adm1n_usa32
537,XorDDoS,2022,da818861f56900f552eb04c5e7d8c59d,4a414ccf923001621457e4beaf2ec0e7b165f2ac,d920dec25946a86aeaffd5a53ce8c3f05c9a7bac44d5c71481f497de430cb67e,https://bazaar.abuse.ch/sample/d920dec25946a86aeaffd5a53ce8c3f05c9a7bac44d5c71481f497de430cb67e/,Si,https://www.virustotal.com/gui/file/d920dec25946a86aeaffd5a53ce8c3f05c9a7bac44d5c71481f497de430cb67e,,,Linux / ELF,,,2022-03-14 19:55:42,0Xorddos.o,625900,"elf, linux, XorDDoS",adm1n_usa32
538,XorDDoS,2022,67e961108f30aca1c81e841310ed1181,47cfc971bc5955e09faafe12cd7cf08b3158f970,5e46e3a298fad9fc1d9e9bb45e7449a7e07e1f36af47e2ecb465929f45ba1b13,https://bazaar.abuse.ch/sample/5e46e3a298fad9fc1d9e9bb45e7449a7e07e1f36af47e2ecb465929f45ba1b13/,Si,https://www.virustotal.com/gui/file/5e46e3a298fad9fc1d9e9bb45e7449a7e07e1f36af47e2ecb465929f45ba1b13,,,Linux / ELF,,,2022-03-26 04:29:42,a-xorddos.o,253408,"elf, mirai, XorDDoS",adm1n_usa32
539,XorDDoS,2022,6ba2328419d94053c9965e2467a0a904,fad9d65ee49cfa90ea6f1a025fe94d002ff9fccd,c28a79bbce435afa4b6d728ab34a37ca9387059b199a7e98560e5e9c7d1753bf,https://bazaar.abuse.ch/sample/c28a79bbce435afa4b6d728ab34a37ca9387059b199a7e98560e5e9c7d1753bf/,Si,https://www.virustotal.com/gui/file/c28a79bbce435afa4b6d728ab34a37ca9387059b199a7e98560e5e9c7d1753bf,,,Linux / ELF,,,2022-04-09 07:14:23,i386xor.o,8247,"elf, intel, XorDDoS",adm1n_usa32
540,XorDDoS,2022,cc3cfcdb09c10250d5b6430a1ffa5340,d31cd0f813ac9a6f997d7d5a0cabac6d078907e2,2baf73eae1c5135acf10290b063d0a65827611ba6874a326883d9be3b238a1b6,https://bazaar.abuse.ch/sample/2baf73eae1c5135acf10290b063d0a65827611ba6874a326883d9be3b238a1b6/,Si,https://www.virustotal.com/gui/file/2baf73eae1c5135acf10290b063d0a65827611ba6874a326883d9be3b238a1b6,,,Linux / ELF,,,2022-04-09 21:36:41,2BAFxor.o,625839,"elf, intel, XorDDoS",adm1n_usa32
541,XorDDoS,2022,e4a3238c2b09f5720308c4b2a770f750,27d60336f0410096bd2cc986879b5bdee1be4ae4,7a0800d6ebd1082a9ad9838303af2a3d4af7626009267437f483e4deb1ebd9c8,https://bazaar.abuse.ch/sample/7a0800d6ebd1082a9ad9838303af2a3d4af7626009267437f483e4deb1ebd9c8/,Si,https://www.virustotal.com/gui/file/7a0800d6ebd1082a9ad9838303af2a3d4af7626009267437f483e4deb1ebd9c8,,,Linux / ELF,,,2022-04-09 21:36:59,70a8xor.o,253353,"elf, intel, mirai, XorDDoS",adm1n_usa32
542,XorDDoS,2022,1a0e8787503fd9777f08c0b2f4bc8a53,9881f9d168e6cbba550bd132634c918cee7367c0,72f61ae2fbc105c21408cbe910da2b939ea98d26cafaf43a9fabe89361db9dec,https://bazaar.abuse.ch/sample/72f61ae2fbc105c21408cbe910da2b939ea98d26cafaf43a9fabe89361db9dec/,Si,https://www.virustotal.com/gui/file/72f61ae2fbc105c21408cbe910da2b939ea98d26cafaf43a9fabe89361db9dec,,,Linux / ELF,,,2022-04-09 21:37:15,72Fxor.o,538112,"elf, intel, XorDDoS",adm1n_usa32
543,XorDDoS,2022,9d349c9466cfd82fd67943ecdb2dd623,4813b4d4a5e9d8bee4650cd50b8d717db81c6b67,ccc4e17f1cb512b4710372f10908a3852968c7ae547dca563e76d472e7136689,https://bazaar.abuse.ch/sample/ccc4e17f1cb512b4710372f10908a3852968c7ae547dca563e76d472e7136689/,Si,https://www.virustotal.com/gui/file/ccc4e17f1cb512b4710372f10908a3852968c7ae547dca563e76d472e7136689,,,Linux / ELF,,,2022-04-09 21:37:30,CCCxor.o,625900,"elf, intel, XorDDoS",adm1n_usa32
544,XorDDoS,2022,9dfaa6948d37b356444819d94dc0148d,3239078ec6001033a3eff91cd95008eda798591c,e7913c938c682bee1f7290e0a6632cd0fade6ce4d79a3bff40335a071dd585ea,https://bazaar.abuse.ch/sample/e7913c938c682bee1f7290e0a6632cd0fade6ce4d79a3bff40335a071dd585ea/,Si,https://www.virustotal.com/gui/file/e7913c938c682bee1f7290e0a6632cd0fade6ce4d79a3bff40335a071dd585ea,,,Linux / ELF,,,2022-04-09 21:37:47,e791xor.o,253353,"elf, intel, mirai, XorDDoS",adm1n_usa32
545,XorDDoS,2022,96a2bccfb4ed79ec324e4964a96f7503,0554f84a3a04bc14a22edcc73faa905c2b1478e4,3e442fe024a5642343b4398217dd13e033bfbc9f30bb68a0a18c63090c5de4d0,https://bazaar.abuse.ch/sample/3e442fe024a5642343b4398217dd13e033bfbc9f30bb68a0a18c63090c5de4d0/,Si,https://www.virustotal.com/gui/file/3e442fe024a5642343b4398217dd13e033bfbc9f30bb68a0a18c63090c5de4d0,,,Linux / ELF,,,2022-04-12 07:15:06,intxor.o,20535,"elf, intel, XorDDoS",adm1n_usa32
546,XorDDoS,2022,a1c68c2ad7f6a8e2b284d7fec954bff7,6fd8ddf18858dbed161e43024fb317bd051c0dc9,e41250c9429d8da27b2222fae2fdc3aeaba07113d5f966e411151d0a17deda46,https://bazaar.abuse.ch/sample/e41250c9429d8da27b2222fae2fdc3aeaba07113d5f966e411151d0a17deda46/,Si,https://www.virustotal.com/gui/file/e41250c9429d8da27b2222fae2fdc3aeaba07113d5f966e411151d0a17deda46,,,Linux / ELF,,,2022-04-12 07:15:21,intxor2.o,90167,"elf, intel, XorDDoS",adm1n_usa32
547,XorDDoS,2022,bbba9e402c07e9895f3eaa0536533e5d,54262800d704c2db0b7c816f70498d9567c575b7,c78548ec4c057ec22c4512f04bbe60229cd805f3f8a1a0e9b0acaa7b041805fc,https://bazaar.abuse.ch/sample/c78548ec4c057ec22c4512f04bbe60229cd805f3f8a1a0e9b0acaa7b041805fc/,Si,https://www.virustotal.com/gui/file/c78548ec4c057ec22c4512f04bbe60229cd805f3f8a1a0e9b0acaa7b041805fc,,,Linux / ELF,,,2022-04-12 19:52:28,i386-xor-1.o,253397,"elf, intel, mirai, XorDDoS",adm1n_usa32
548,XorDDoS,2022,b74a3bc4e25fd6cccb521927d6c71e82,8a8fa2b9dca2e315400d58d4111bb4591fa63c94,352db569c9b058bb1af61d508d8ec7f9bd81fcc1a44fcc03b2b1b85ff2d517f0,https://bazaar.abuse.ch/sample/352db569c9b058bb1af61d508d8ec7f9bd81fcc1a44fcc03b2b1b85ff2d517f0/,Si,https://www.virustotal.com/gui/file/352db569c9b058bb1af61d508d8ec7f9bd81fcc1a44fcc03b2b1b85ff2d517f0,,,Linux / ELF,,,2022-04-12 19:53:00,intelgeneric1.o,253375,"elf, intel, mirai, XorDDoS",adm1n_usa32
549,XorDDoS,2022,aa5699b8dc3f5264105ccfaf4d44cec6,f3df9445eaeebdd1c216cbe2f959080a74b50acf,8020ca54f6b00eed7cc01ce2a0002a50ed3b982491a7e34319086ea65a0ca1b2,https://bazaar.abuse.ch/sample/8020ca54f6b00eed7cc01ce2a0002a50ed3b982491a7e34319086ea65a0ca1b2/,Si,https://www.virustotal.com/gui/file/8020ca54f6b00eed7cc01ce2a0002a50ed3b982491a7e34319086ea65a0ca1b2,,,Linux / ELF,,,2022-04-12 19:53:29,intelgeneric2.o,253419,"elf, intel, mirai, XorDDoS",adm1n_usa32
550,XorDDoS,2022,506ebbb91a65451431d312e644257a1b,bfac524e941174a60d407aaef5dac0d2ebe359e4,304881c7a0bc871272695edb19a0b09b55b74e8d7d46c1fe49e17c07008a0a42,https://bazaar.abuse.ch/sample/304881c7a0bc871272695edb19a0b09b55b74e8d7d46c1fe49e17c07008a0a42/,Si,https://www.virustotal.com/gui/file/304881c7a0bc871272695edb19a0b09b55b74e8d7d46c1fe49e17c07008a0a42,,,Linux / ELF,,,2022-04-12 19:54:21,intelgeneric3.o,253386,"elf, intel, mirai, XorDDoS",adm1n_usa32
551,XorDDoS,2022,bf172d271eef4b3ededb87dc2756b390,e7fc207753a4e313cf955042fc71731f554aecf1,781274188451c5a4f684d7519a2260481a568c49ad670b1c69ff31c8dfd4ce7b,https://bazaar.abuse.ch/sample/781274188451c5a4f684d7519a2260481a568c49ad670b1c69ff31c8dfd4ce7b/,Si,https://www.virustotal.com/gui/file/781274188451c5a4f684d7519a2260481a568c49ad670b1c69ff31c8dfd4ce7b,,,Linux / ELF,,,2022-04-12 19:54:37,intelgeneric4.o,253364,"elf, intel, XorDDoS",adm1n_usa32
552,XorDDoS,2022,075c98a726aba230c86f7cdea579a703,c7cd28af62b4fb182a412a8407a8cf04ddf14aba,a129dee2cc943b4ba9a7e2ce8f24689026a7b954b4ee562b181e56d748b51fc8,https://bazaar.abuse.ch/sample/a129dee2cc943b4ba9a7e2ce8f24689026a7b954b4ee562b181e56d748b51fc8/,Si,https://www.virustotal.com/gui/file/a129dee2cc943b4ba9a7e2ce8f24689026a7b954b4ee562b181e56d748b51fc8,,,Linux / ELF,,,2022-04-12 19:54:54,intelgeneric5.o,253397,"elf, intel, mirai, XorDDoS",adm1n_usa32
553,XorDDoS,2022,de17b6db980824ddbaf4a5ff7a86ae85,6300b7173f1315287f676571e5d802d6369d755a,ba59af366a944351363328241dba1a7c0212d5c95d544bed4b7c0ef5563855f0,https://bazaar.abuse.ch/sample/ba59af366a944351363328241dba1a7c0212d5c95d544bed4b7c0ef5563855f0/,Si,https://www.virustotal.com/gui/file/ba59af366a944351363328241dba1a7c0212d5c95d544bed4b7c0ef5563855f0,,,Linux / ELF,,,2022-04-12 19:55:14,intelgeneric6.o,253397,"elf, intel, XorDDoS",adm1n_usa32
554,XorDDoS,2022,761b91aa83ea0e8b55bdb89e89d6191b,8e9d0821e2616f8590627d377abbf6a283813358,9b07f8dd4226016f440718802503181965fd5cadd87f46f4151604718bf664e0,https://bazaar.abuse.ch/sample/9b07f8dd4226016f440718802503181965fd5cadd87f46f4151604718bf664e0/,Si,https://www.virustotal.com/gui/file/9b07f8dd4226016f440718802503181965fd5cadd87f46f4151604718bf664e0,,,Linux / ELF,,,2022-04-13 05:51:38,int2.o,253375,"elf, intel, mirai, XorDDoS",adm1n_usa32
555,XorDDoS,2022,5fdf415123cc3fbaf79aa1781ffcfb5a,26720bfe1ac49d25d715f26105d48d45e379a9c3,cc50ca026d51679cad2828dcc53d411872a7283c6f81b5b6d1b8c21efef17152,https://bazaar.abuse.ch/sample/cc50ca026d51679cad2828dcc53d411872a7283c6f81b5b6d1b8c21efef17152/,Si,https://www.virustotal.com/gui/file/cc50ca026d51679cad2828dcc53d411872a7283c6f81b5b6d1b8c21efef17152,,,Linux / ELF,,,2022-04-13 05:52:15,int3.o,253375,"elf, intel, mirai, XorDDoS",adm1n_usa32
556,XorDDoS,2022,ae4e283e7005866e4a57d08e9a62de97,aaea10f5222ce3c66b3209d670798c8942fca6b7,166564e90d19f28054245a9fd8bffe9ca32426036828858b87aaad49f2ce4fa9,https://bazaar.abuse.ch/sample/166564e90d19f28054245a9fd8bffe9ca32426036828858b87aaad49f2ce4fa9/,Si,https://www.virustotal.com/gui/file/166564e90d19f28054245a9fd8bffe9ca32426036828858b87aaad49f2ce4fa9,,,Linux / ELF,,,2022-04-13 05:52:34,int4.o,253375,"elf, intel, mirai, XorDDoS",adm1n_usa32
557,XorDDoS,2022,070259b0653ae813bfaa1212ff8f11ed,59ade692f068a9039396114a2c086adfaf5ad253,abef3a25396de4952293f2fe47b074e520b41cd2a0103ea7e2cc2e7c54f0eac2,https://bazaar.abuse.ch/sample/abef3a25396de4952293f2fe47b074e520b41cd2a0103ea7e2cc2e7c54f0eac2/,Si,https://www.virustotal.com/gui/file/abef3a25396de4952293f2fe47b074e520b41cd2a0103ea7e2cc2e7c54f0eac2,,,Linux / ELF,,,2022-04-13 05:52:46,inte5.o,253419,"elf, intel, mirai, XorDDoS",adm1n_usa32
558,XorDDoS,2022,9bfbb5c6aceaa5d666f04580aa02a6f1,baaef15f5d10fc4cf38307fb19bf981494d5bda9,4bdbb20b19dbc9cd358218f4350e1289b6655ab46fc9e1f48a25f94fc1e51038,https://bazaar.abuse.ch/sample/4bdbb20b19dbc9cd358218f4350e1289b6655ab46fc9e1f48a25f94fc1e51038/,Si,https://www.virustotal.com/gui/file/4bdbb20b19dbc9cd358218f4350e1289b6655ab46fc9e1f48a25f94fc1e51038,,,Linux / ELF,,,2022-04-13 05:52:55,inte1.o,253441,"elf, intel, mirai, XorDDoS",adm1n_usa32
559,XorDDoS,2022,21c61e95827a7f9e1022e1b2fabe0386,4f40bd1086574c54ec0405892e16eb04133f9049,dd07bbbf82ae0e39f9b431e798b368c9886cb7d8ab91fd545fa13ff64bc023f5,https://bazaar.abuse.ch/sample/dd07bbbf82ae0e39f9b431e798b368c9886cb7d8ab91fd545fa13ff64bc023f5/,Si,https://www.virustotal.com/gui/file/dd07bbbf82ae0e39f9b431e798b368c9886cb7d8ab91fd545fa13ff64bc023f5,,,Linux / ELF,,,2022-04-15 19:57:40,xor1.o,548682,"elf, intel, XorDDoS",adm1n_usa32
560,XorDDoS,2022,cb16d186b4196f9002779830a0430ded,fa318975c1fc6ae7d8cd56d226407714c3110e60,03b7cd55327ca641443c2760f5ffaefc872bc61fffb99a9d5171aed2505fa9cb,https://bazaar.abuse.ch/sample/03b7cd55327ca641443c2760f5ffaefc872bc61fffb99a9d5171aed2505fa9cb/,Si,https://www.virustotal.com/gui/file/03b7cd55327ca641443c2760f5ffaefc872bc61fffb99a9d5171aed2505fa9cb,,,Linux / ELF,,,2022-04-15 19:57:54,xor2.o,253441,"elf, intel, XorDDoS",adm1n_usa32
561,XorDDoS,2022,bd0571edbff6bc9d3b6acdd815d1e89a,49362cc103265f7ea29e66b9df80db47d78ffc22,a362ac9f3f0030b002616b0e421d4ed1d2604e5b97a5fadd231f7a01fa53375e,https://bazaar.abuse.ch/sample/a362ac9f3f0030b002616b0e421d4ed1d2604e5b97a5fadd231f7a01fa53375e/,Si,https://www.virustotal.com/gui/file/a362ac9f3f0030b002616b0e421d4ed1d2604e5b97a5fadd231f7a01fa53375e,,,Linux / ELF,,,2022-04-15 19:58:11,xor3.o,253441,"elf, intel, mirai, XorDDoS",adm1n_usa32
562,XorDDoS,2022,d2c18433427470eeca051e8ec9a839a3,b07191713b72c33fa56a936b3914a70ac406b842,fee945899687e945bd82927ce499bb2f9d94447644cd1fa6f4a1293b09e3e163,https://bazaar.abuse.ch/sample/fee945899687e945bd82927ce499bb2f9d94447644cd1fa6f4a1293b09e3e163/,Si,https://www.virustotal.com/gui/file/fee945899687e945bd82927ce499bb2f9d94447644cd1fa6f4a1293b09e3e163,,,Linux / ELF,,,2022-04-18 19:53:32,i386-xor-1.o,253474,"elf, intel, mirai, XorDDoS",adm1n_usa32
563,XorDDoS,2022,5bd8e30cc9d81a98e39ef0015e6e6583,5eec96e5b02cd334ff698e8dab10cc1570b4857e,b1b1f6cdf63abcfcecaa72c2537e6dbbb04f1cf9c86dba056da424751bcb58a4,https://bazaar.abuse.ch/sample/b1b1f6cdf63abcfcecaa72c2537e6dbbb04f1cf9c86dba056da424751bcb58a4/,Si,https://www.virustotal.com/gui/file/b1b1f6cdf63abcfcecaa72c2537e6dbbb04f1cf9c86dba056da424751bcb58a4,,,Linux / ELF,,,2022-04-29 20:14:47,b1b1.o,253430,"elf, i386, intel, XorDDoS",adm1n_usa32
564,XorDDoS,2022,7eda41435be46fa9ea3b72f3c30e43f7,520525a65d400ae5f3d84635d7b348ad08c389fb,8bbc9f7f9c1aacf20b9aca2b1407802cefdf94079cbe4cc28d13a21324abe9b6,https://bazaar.abuse.ch/sample/8bbc9f7f9c1aacf20b9aca2b1407802cefdf94079cbe4cc28d13a21324abe9b6/,Si,https://www.virustotal.com/gui/file/8bbc9f7f9c1aacf20b9aca2b1407802cefdf94079cbe4cc28d13a21324abe9b6,,,Linux / ELF,,,2022-06-01 06:39:52,8bbc9f7f9c1aacf20b9aca2b1407802cefdf94079cbe4cc28d13a21324abe9b6.elf,495616,"elf, XorDDoS",nyuuzyou
565,XorDDoS,2022,0b4f44280fb18936e75f7f0a2065ba61,013633b5a5907e862a4800ad3be13b57e3853a36,d22ee0e1de16963e27986fb571055641d7d21e311ffd8e97e0c7740c4eb4c891,https://bazaar.abuse.ch/sample/d22ee0e1de16963e27986fb571055641d7d21e311ffd8e97e0c7740c4eb4c891/,Si,https://www.virustotal.com/gui/file/d22ee0e1de16963e27986fb571055641d7d21e311ffd8e97e0c7740c4eb4c891,,,Linux / ELF,,,2022-06-01 06:40:08,d22ee0e1de16963e27986fb571055641d7d21e311ffd8e97e0c7740c4eb4c891.elf,540672,"elf, XorDDoS",nyuuzyou
566,XorDDoS,2022,40eb0d783d22f9c141ea0aa42cf5e417,6d72b9ce5fa924b319183a0b0c42bd43d0ef03f0,05ed208e50db849510bf9c89b770a0b7b9097ea5b48c8a7ee7ee0c18af6f3385,https://bazaar.abuse.ch/sample/05ed208e50db849510bf9c89b770a0b7b9097ea5b48c8a7ee7ee0c18af6f3385/,Si,https://www.virustotal.com/gui/file/05ed208e50db849510bf9c89b770a0b7b9097ea5b48c8a7ee7ee0c18af6f3385,,,Linux / ELF,,,2022-06-01 06:40:15,05ed208e50db849510bf9c89b770a0b7b9097ea5b48c8a7ee7ee0c18af6f3385.elf,524288,"elf, XorDDoS",nyuuzyou
567,XorDDoS,2022,d8b1406a5cd488a221207dc5742c220b,662fdcb8e22b64843965003878825dece080d14a,014b3c0b6c3d66289b8656c736a20b496fa0e74d0ede3877e80bab579e4aa5de,https://bazaar.abuse.ch/sample/014b3c0b6c3d66289b8656c736a20b496fa0e74d0ede3877e80bab579e4aa5de/,Si,https://www.virustotal.com/gui/file/014b3c0b6c3d66289b8656c736a20b496fa0e74d0ede3877e80bab579e4aa5de,,,Linux / ELF,,,2022-06-01 06:42:38,014b3c0b6c3d66289b8656c736a20b496fa0e74d0ede3877e80bab579e4aa5de.elf,507904,"elf, XorDDoS",nyuuzyou
568,XorDDoS,2022,238f832b44a3eb0f31e9ae1e8413345f,e41073a9a2cf9cb6f4b1625bb5829db0975ca6cf,87e0a05bc63eae251277053c7891e4d51ab3a257587b750076183c76a9472357,https://bazaar.abuse.ch/sample/87e0a05bc63eae251277053c7891e4d51ab3a257587b750076183c76a9472357/,Si,https://www.virustotal.com/gui/file/87e0a05bc63eae251277053c7891e4d51ab3a257587b750076183c76a9472357,,,Linux / ELF,,,2022-06-01 06:44:13,87e0a05bc63eae251277053c7891e4d51ab3a257587b750076183c76a9472357.elf,483328,"elf, XorDDoS",nyuuzyou
569,XorDDoS,2022,9c7f574ad4c0e4a394f57d3d50227a58,d148b8051c438d792d2604c6aa69002743503197,b242c3eca68edc7c09505570455398cce9b02689287690971762899d1fb2b1a8,https://bazaar.abuse.ch/sample/b242c3eca68edc7c09505570455398cce9b02689287690971762899d1fb2b1a8/,Si,https://www.virustotal.com/gui/file/b242c3eca68edc7c09505570455398cce9b02689287690971762899d1fb2b1a8,,,Linux / ELF,,,2022-06-18 09:09:34,23.vir,625867,"elf, XorDDoS",KdssSupport
570,XorDDoS,2022,7dc92a289a05c45d4179a322344ad09c,be912477f64a1ee9f2d8ddaebce6efdfd00e7ccd,8642022960d919321ccfcfb0a0cd631db0e5dac3e75014fc0c4cc6ff413c72c5,https://bazaar.abuse.ch/sample/8642022960d919321ccfcfb0a0cd631db0e5dac3e75014fc0c4cc6ff413c72c5/,Si,https://www.virustotal.com/gui/file/8642022960d919321ccfcfb0a0cd631db0e5dac3e75014fc0c4cc6ff413c72c5,,,Linux / ELF,,,2022-07-09 16:41:28,libudev.so,625867,"32, elf, XorDDoS",ILearned_eu
571,XorDDoS,2022,b8befc5d44a8999b16cd181f77d8e71b,9861ca01a881af4aa4cd46ee9a382cbdda36767f,7925ed5696a4f0d0faf546a13fabbfd6b8f860a69a1c8159f8ac589d77b928e4,https://bazaar.abuse.ch/sample/7925ed5696a4f0d0faf546a13fabbfd6b8f860a69a1c8159f8ac589d77b928e4/,Si,https://www.virustotal.com/gui/file/7925ed5696a4f0d0faf546a13fabbfd6b8f860a69a1c8159f8ac589d77b928e4,,,Linux / ELF,,,2022-07-16 05:05:20,7925ed5696a4f0d0faf546a13fabbfd6b8f860a69a1c8159f8ac589d77b928e4,307200,"elf, XorDDoS",nyuuzyou
572,XorDDoS,2022,22ac78b8d8dacd0470837f4a65e5552e,c859d02e90dce1d3cd248f0b0835a527104daf40,1694323e184fc25268e3897e000ede1e3de84aef1fd239ddd8ffacc5c8fea737,https://bazaar.abuse.ch/sample/1694323e184fc25268e3897e000ede1e3de84aef1fd239ddd8ffacc5c8fea737/,Si,https://www.virustotal.com/gui/file/1694323e184fc25268e3897e000ede1e3de84aef1fd239ddd8ffacc5c8fea737,,,Linux / ELF,,,2022-07-16 05:06:08,1694323e184fc25268e3897e000ede1e3de84aef1fd239ddd8ffacc5c8fea737,425984,"elf, XorDDoS",nyuuzyou
573,XorDDoS,2022,1f7eaddad3a0502ff9bb349183d52331,4332c5473b34fdf110d5117f5b810925766e3821,afd78465d9e05a615c0c47ef308e1d4db56b7a1135b790957fe15a3d8f304c14,https://bazaar.abuse.ch/sample/afd78465d9e05a615c0c47ef308e1d4db56b7a1135b790957fe15a3d8f304c14/,Si,https://www.virustotal.com/gui/file/afd78465d9e05a615c0c47ef308e1d4db56b7a1135b790957fe15a3d8f304c14,,,Linux / ELF,,,2022-07-16 05:07:39,afd78465d9e05a615c0c47ef308e1d4db56b7a1135b790957fe15a3d8f304c14,110592,"elf, XorDDoS",nyuuzyou
574,XorDDoS,2022,3e88818ab86fecb3e27e086181f3def3,db2f7722a869bbd42b1e286256ce5ce220659453,52d0b5ff6f6609558e016ce118c869c91c627a6741929ea833aba06843aa6d52,https://bazaar.abuse.ch/sample/52d0b5ff6f6609558e016ce118c869c91c627a6741929ea833aba06843aa6d52/,Si,https://www.virustotal.com/gui/file/52d0b5ff6f6609558e016ce118c869c91c627a6741929ea833aba06843aa6d52,,,Linux / ELF,,,2022-07-16 05:13:50,52d0b5ff6f6609558e016ce118c869c91c627a6741929ea833aba06843aa6d52,4096,"elf, XorDDoS",nyuuzyou
575,XorDDoS,2022,0e24ef5dd32e19c0c89c90da895fd4ab,0fc75afe50fea37f08854f131a9f47e1bb358004,dc2279cbb01ed9d179c6914f1a72ac2c1f9218920d90904b02d1f7781c10736c,https://bazaar.abuse.ch/sample/dc2279cbb01ed9d179c6914f1a72ac2c1f9218920d90904b02d1f7781c10736c/,Si,https://www.virustotal.com/gui/file/dc2279cbb01ed9d179c6914f1a72ac2c1f9218920d90904b02d1f7781c10736c,,,Linux / ELF,,,2022-07-16 05:19:04,dc2279cbb01ed9d179c6914f1a72ac2c1f9218920d90904b02d1f7781c10736c,262144,"elf, XorDDoS",nyuuzyou
576,XorDDoS,2022,2884c19af9a01e1c6b3c558d15e323aa,f42bbb40d301c8067542235fb8de9265aad755b1,022e101f1d4671796972c9ae6eed81920a59003e751a0fd449b543f630ba36a8,https://bazaar.abuse.ch/sample/022e101f1d4671796972c9ae6eed81920a59003e751a0fd449b543f630ba36a8/,Si,https://www.virustotal.com/gui/file/022e101f1d4671796972c9ae6eed81920a59003e751a0fd449b543f630ba36a8,,,Linux / ELF,,,2022-09-20 14:05:08,2884c19af9a01e1c6b3c558d15e323aa,253320,"32, elf, intel, XorDDoS",zbetcheckin
577,XorDDoS,2022,ee5edcc4d824db63a8c8264a8631f067,ce483e6b254cc3ed3ede2e1fee3f959cc4eddbe8,b84cf164fde12dd07192aa44f1b943044610539fd979e0f9359d44062f21a612,https://bazaar.abuse.ch/sample/b84cf164fde12dd07192aa44f1b943044610539fd979e0f9359d44062f21a612/,Si,https://www.virustotal.com/gui/file/b84cf164fde12dd07192aa44f1b943044610539fd979e0f9359d44062f21a612,,,Linux / ELF,,,2022-09-21 21:34:44,fuck,625707,"elf, SevenYearsAgo, XorDDoS",r3dbU7z
578,XorDDoS,2022,8e6961210d82ddd5bdd636bbf68593a3,9538b70c08b272fce9f3b25ff06c8828fdcb0175,34d70d58eae0338f35488d9a05ac5d703db7aa97699e9365d85e9a843d7c4979,https://bazaar.abuse.ch/sample/34d70d58eae0338f35488d9a05ac5d703db7aa97699e9365d85e9a843d7c4979/,Si,https://www.virustotal.com/gui/file/34d70d58eae0338f35488d9a05ac5d703db7aa97699e9365d85e9a843d7c4979,,,Linux / ELF,,,2022-09-21 21:36:28,Ghost.q,610304,"elf, SevenYearsAgo, XorDDoS",r3dbU7z
579,XorDDoS,2022,96671eab0913c0003c63f4d2c50318db,0ef56578885236f87ae7f1c7580b8ed50c9ade77,5a7d7f1d53f039e7b69cf8d040cc043d1264b14107a8a73034e6b90d8e81f87a,https://bazaar.abuse.ch/sample/5a7d7f1d53f039e7b69cf8d040cc043d1264b14107a8a73034e6b90d8e81f87a/,Si,https://www.virustotal.com/gui/file/5a7d7f1d53f039e7b69cf8d040cc043d1264b14107a8a73034e6b90d8e81f87a,,,Linux / ELF,,,2022-10-05 11:38:04,5a7d7f1d53f039e7b69cf8d040cc043d1264b14107a8a73034e6b90d8e81f87a,548616,"elf, XorDDoS",anonymous
580,XorDDoS,2022,f9191bab1e834d4aef3380700639cee9,9c20269df6694260a24ac783de2e30d627a6928a,ea40ecec0b30982fbb1662e67f97f0e9d6f43d2d587f2f588525fae683abea73,https://bazaar.abuse.ch/sample/ea40ecec0b30982fbb1662e67f97f0e9d6f43d2d587f2f588525fae683abea73/,Si,https://www.virustotal.com/gui/file/ea40ecec0b30982fbb1662e67f97f0e9d6f43d2d587f2f588525fae683abea73,,,Linux / ELF,,,2022-12-26 18:04:02,ea40ecec0b30982fbb1662e67f97f0e9d6f43d2d587f2f588525fae683abea73,562240,"elf, XorDDoS",c0r3dump3d1
581,XorDDoS,2023,12fecefe30f2ad8f49aae67b92920adc,1bba1ff3c667a41ae26b12995323f7df7c239173,c0b0225201fd3a4c08245e58bbb4b844e0d3426e89b9ac3fc34db37d994fb182,https://bazaar.abuse.ch/sample/c0b0225201fd3a4c08245e58bbb4b844e0d3426e89b9ac3fc34db37d994fb182/,Si,https://www.virustotal.com/gui/file/c0b0225201fd3a4c08245e58bbb4b844e0d3426e89b9ac3fc34db37d994fb182,,,Linux / ELF,,,2023-03-26 14:48:34,task2.bin,625889,"elf, XorDDoS",anonymous
582,XorDDoS,2023,895f7fff165ddfba70b7d718ac3de989,2663c2ebb853083f5cf645cdc0cce31c8ace4fba,311c93575efd4eeeb9c6674d0ab8de263b72a8fb060d04450daccc78ec095151,https://bazaar.abuse.ch/sample/311c93575efd4eeeb9c6674d0ab8de263b72a8fb060d04450daccc78ec095151/,Si,https://www.virustotal.com/gui/file/311c93575efd4eeeb9c6674d0ab8de263b72a8fb060d04450daccc78ec095151,,,Linux / ELF,,,2023-05-14 18:43:39,xlzyktus,562263,XorDDoS,JaffaCakes118
583,XorDDoS,2023,ff1a3683a5ad87f88858e92fbcf1ae57,ce220486f7d4723406582f8496e8483bcc546beb,d2d0a9fc3491d0689529b251d666f36b739acfbf4f7fe8190b6ebabb887b7154,https://bazaar.abuse.ch/sample/d2d0a9fc3491d0689529b251d666f36b739acfbf4f7fe8190b6ebabb887b7154/,Si,https://www.virustotal.com/gui/file/d2d0a9fc3491d0689529b251d666f36b739acfbf4f7fe8190b6ebabb887b7154,,,Linux / ELF,,,2023-10-26 18:30:02,1,625867,"elf, XorDDoS",anonymous
584,XorDDoS,2023,85682d3effdb2d559fd84df491e9461a,2fb53f36a77339e1dd8458dd3fe561355de76211,3a8a11b60fd8e2f93d29fb46cdda68fd404b06147a7c717d3619b088e39875ba,https://bazaar.abuse.ch/sample/3a8a11b60fd8e2f93d29fb46cdda68fd404b06147a7c717d3619b088e39875ba/,Si,https://www.virustotal.com/gui/file/3a8a11b60fd8e2f93d29fb46cdda68fd404b06147a7c717d3619b088e39875ba,,,Linux / ELF,,,2023-10-29 15:50:53,dptxrnhxmx,625878,"elf, XorDDoS",anonymous
585,XorDDoS,2023,94a6743887ca11fd0dcbd22b37700496,db9959628294860b200f376bfe88ef130f738232,57b0ede720a32dc5a2f80f4c9befbd1d6c2c6f88146ff64ea4fac600276546ea,https://bazaar.abuse.ch/sample/57b0ede720a32dc5a2f80f4c9befbd1d6c2c6f88146ff64ea4fac600276546ea/,Si,https://www.virustotal.com/gui/file/57b0ede720a32dc5a2f80f4c9befbd1d6c2c6f88146ff64ea4fac600276546ea,,,Linux / ELF,,,2023-11-08 16:31:35,57b0ede720a32dc5a2f80f4c9befbd1d6c2c6f88146ff64ea4fac600276546ea,487424,"elf, XorDDoS",c0r3dump3d
586,XorDDoS,2023,dfb488ca70ca8b763f3b61ce9494731e,60533ab8aa310263a3d52b5f64e2ee75f2dfb70a,56e9e3c33348fc6068ed003a37ead4dc87248dc82c151b7fc35435f3f6faec95,https://bazaar.abuse.ch/sample/56e9e3c33348fc6068ed003a37ead4dc87248dc82c151b7fc35435f3f6faec95/,Si,https://www.virustotal.com/gui/file/56e9e3c33348fc6068ed003a37ead4dc87248dc82c151b7fc35435f3f6faec95,,,Linux / ELF,,,2023-12-12 14:04:14,56e9e3c33348fc6068ed003a37ead4dc87248dc82c151b7fc35435f3f6faec95,126312,"elf, XorDDoS",c0r3dump3d
587,XorDDoS,2024,1dac7b986e8d8c05f9050f68877ce5f1,79052bacf827d2b8bc01d9eaced33ba0ce33a9f9,8fdd27d533f73a22be6eb8afcaa0417019a132cdb1ff212802c7619c96f88119,https://bazaar.abuse.ch/sample/8fdd27d533f73a22be6eb8afcaa0417019a132cdb1ff212802c7619c96f88119/,Si,https://www.virustotal.com/gui/file/8fdd27d533f73a22be6eb8afcaa0417019a132cdb1ff212802c7619c96f88119,,,Linux / ELF,,,2024-03-17 10:38:48,SecuriteInfo.com.ELF.IPRoyal-A.4500.12519,9110134,"elf, XorDDoS",SecuriteInfoCom
588,XorDDoS,2024,455b46bf3f93b8853137de2b99ef0f4c,99387d92aee1ad50c8af0a5192f651ad8021d1d4,76741721aede86e5d9a78da5dd349cc7f418a993eba77457c00b27aa627f9882,https://bazaar.abuse.ch/sample/76741721aede86e5d9a78da5dd349cc7f418a993eba77457c00b27aa627f9882/,Si,https://www.virustotal.com/gui/file/76741721aede86e5d9a78da5dd349cc7f418a993eba77457c00b27aa627f9882,,,Linux / ELF,,,2024-03-23 15:29:10,rgseznyhpumsr,562298,"elf, HUN, XorDDoS",smica83
589,XorDDoS,2024,e40d4ba6f6aee3acd39faf65f471894a,7de3d9b9905cc4fde29d37ca73e2ffcf7bbb0eab,0e817a2325c215997de15851152a66924874739eeff5da4b434e5d36c83a76eb,https://bazaar.abuse.ch/sample/0e817a2325c215997de15851152a66924874739eeff5da4b434e5d36c83a76eb/,Si,https://www.virustotal.com/gui/file/0e817a2325c215997de15851152a66924874739eeff5da4b434e5d36c83a76eb,,,Linux / ELF,,,2024-03-29 22:59:08,e40d4ba6f6aee3acd39faf65f471894a,555272,"32, elf, intel, XorDDoS",zbetcheckin
590,XorDDoS,2024,694a672878a1f7945c020a0a3ca74367,148caeaa8ac7fdf46d48fc2d1d0020d1bf41d442,75bfd448e4274cc4e5804c43768f62a36ccb3fc3b1df06e14d9c892daa2cde19,https://bazaar.abuse.ch/sample/75bfd448e4274cc4e5804c43768f62a36ccb3fc3b1df06e14d9c892daa2cde19/,Si,https://www.virustotal.com/gui/file/75bfd448e4274cc4e5804c43768f62a36ccb3fc3b1df06e14d9c892daa2cde19,,,Linux / ELF,,,2024-04-09 16:12:52,694a672878a1f7945c020a0a3ca74367,548616,"32, elf, intel, XorDDoS",zbetcheckin
591,XorDDoS,2024,62c709c3af5ff3e12d5dd87972e9050c,b1e5046013f2f14c9bbc4c1e383507d328bb1863,b029a8b4813c74826a19d2e4b23a8dc19f0c524625b5794b35afa0433a16b400,https://bazaar.abuse.ch/sample/b029a8b4813c74826a19d2e4b23a8dc19f0c524625b5794b35afa0433a16b400/,Si,https://www.virustotal.com/gui/file/b029a8b4813c74826a19d2e4b23a8dc19f0c524625b5794b35afa0433a16b400,,,Linux / ELF,,,2024-05-06 10:57:07,b029a8b4813c74826a19d2e4b23a8dc19f0c524625b5794b35afa0433a16b400,139264,"elf, XorDDoS",c0r3dump3d
592,XorDDoS,2025,605b7525cc4ce173ea4a1575860e7487,07d243a73fea7a93f2d43890dbb7116f2467204d,024fbf4b2685736ef0b1bfe8ae62cee0a6ce3da526a7aba21c8c736c993412d8,https://bazaar.abuse.ch/sample/024fbf4b2685736ef0b1bfe8ae62cee0a6ce3da526a7aba21c8c736c993412d8/,Si,https://www.virustotal.com/gui/file/024fbf4b2685736ef0b1bfe8ae62cee0a6ce3da526a7aba21c8c736c993412d8,,,Linux / ELF,,,2025-01-03 14:26:32,024fbf4b2685736ef0b1bfe8ae62cee0a6ce3da526a7aba21c8c736c993412d8,548638,"elf, XorDDoS",anonymous
593,XorDDoS,2025,234f239a92ab7202a403eb85697ee1bf,3769c30e3647963fa53c0a728275b0897f8f41be,a912a7975b9d580280600d32647d384da655787e36fc9f471c54d3ba685f0ea5,https://bazaar.abuse.ch/sample/a912a7975b9d580280600d32647d384da655787e36fc9f471c54d3ba685f0ea5/,Si,https://www.virustotal.com/gui/file/a912a7975b9d580280600d32647d384da655787e36fc9f471c54d3ba685f0ea5,,,Linux / ELF,,,2025-01-03 14:26:41,a912a7975b9d580280600d32647d384da655787e36fc9f471c54d3ba685f0ea5,548638,"elf, XorDDoS",anonymous
594,XorDDoS,2025,b942a12b9260eff39da67a89c096ed34,9e85eda9b6bdf0232f4934924e81b90e15a55a30,309310036d4a92c12131cc0a0455005a0c9f7e73a102081c2e146e77640fbc55,https://bazaar.abuse.ch/sample/309310036d4a92c12131cc0a0455005a0c9f7e73a102081c2e146e77640fbc55/,Si,https://www.virustotal.com/gui/file/309310036d4a92c12131cc0a0455005a0c9f7e73a102081c2e146e77640fbc55,,,Linux / ELF,,,2025-01-03 14:26:49,309310036d4a92c12131cc0a0455005a0c9f7e73a102081c2e146e77640fbc55,548638,"elf, XorDDoS",anonymous
595,XorDDoS,2025,22cd21f5cfc3ea409f3a05585d903949,d48c82b3ce4460930518a924a51bab5c496b38b0,004fec424e843ff98113f97bde2d6717f99975a2504ab3efa42c12474a62d828,https://bazaar.abuse.ch/sample/004fec424e843ff98113f97bde2d6717f99975a2504ab3efa42c12474a62d828/,Si,https://www.virustotal.com/gui/file/004fec424e843ff98113f97bde2d6717f99975a2504ab3efa42c12474a62d828,,,Linux / ELF,,,2025-01-03 14:26:59,004fec424e843ff98113f97bde2d6717f99975a2504ab3efa42c12474a62d828,548638,"elf, XorDDoS",anonymous
596,XorDDoS,2025,bea79d22552cac2f0ddeff8b33682b0d,183cb250e3211af0ccc1960a6a241a6ea90a95da,4efe185e41696351835356a55211aeb113994f87887cab3ffbbaacecb589e9f6,https://bazaar.abuse.ch/sample/4efe185e41696351835356a55211aeb113994f87887cab3ffbbaacecb589e9f6/,Si,https://www.virustotal.com/gui/file/4efe185e41696351835356a55211aeb113994f87887cab3ffbbaacecb589e9f6,,,Linux / ELF,,,2025-01-04 20:31:52,Linux4.7,1315556,"elf, XorDDoS",abuse_ch
597,XorDDoS,2025,f8d19572ff48420a101c685b87d0c099,4485c6260a530dbe5680ce8166e63142a93bb9b6,2f70458e2b77fba49697e3fbba8bea53e27e7ca010fd92ca3919b819d3aee160,https://bazaar.abuse.ch/sample/2f70458e2b77fba49697e3fbba8bea53e27e7ca010fd92ca3919b819d3aee160/,Si,https://www.virustotal.com/gui/file/2f70458e2b77fba49697e3fbba8bea53e27e7ca010fd92ca3919b819d3aee160,,,Linux / ELF,,,2025-01-24 12:22:08,p.txt,555272,"elf, XorDDoS",abuse_ch
598,XorDDoS,2025,a654eea60b0ff6d3d82461f68d83e8b0,ae47e5906a252ac289fcebdff7bc69bd782b1ea8,7321a1dd8b61a6ef4c65967229de1953ce2768fb6125e0e8b2382594a2c1c6d0,https://bazaar.abuse.ch/sample/7321a1dd8b61a6ef4c65967229de1953ce2768fb6125e0e8b2382594a2c1c6d0/,Si,https://www.virustotal.com/gui/file/7321a1dd8b61a6ef4c65967229de1953ce2768fb6125e0e8b2382594a2c1c6d0,,,Linux / ELF,,,2025-01-25 15:42:04,p.txt,63235,"elf, XorDDoS",abuse_ch
599,XorDDoS,2025,27e7ff9211cfa5cfa709a199363cddfb,e26ee39502fb9da0167da2ea0ab833f263fca32f,5d94a674992e90b629b2399d37a8a749c68b5a1c4dee28c17a6624bf070a163c,https://bazaar.abuse.ch/sample/5d94a674992e90b629b2399d37a8a749c68b5a1c4dee28c17a6624bf070a163c/,Si,https://www.virustotal.com/gui/file/5d94a674992e90b629b2399d37a8a749c68b5a1c4dee28c17a6624bf070a163c,,,Linux / ELF,,,2025-02-08 07:09:27,cvckxesujqpz,562336,"elf, XorDDoS",JohnDoe1
600,XorDDoS,2025,a2792875c6a476bcb0256aba2a50bf7b,571b871cb0f284489c28d9fc72057d6beef77057,f0925a77cf0d973c935b9f65051bd27bf75887949adc3a06350210a2523961d9,https://bazaar.abuse.ch/sample/f0925a77cf0d973c935b9f65051bd27bf75887949adc3a06350210a2523961d9/,Si,https://www.virustotal.com/gui/file/f0925a77cf0d973c935b9f65051bd27bf75887949adc3a06350210a2523961d9,,,Linux / ELF,,,2025-04-10 10:49:42,task2.bin,625889,"elf, XorDDoS",sodj3ioejrwjew
601,XorDDoS,2025,6147e779a72c49be7d1954ecd328c571,3f1d936fb22225d2dea85bd926f28430c811e4c6,d360716cab46152dedb9c0b7179d1dc36fc8040be312cf62f76229d1d3145bd7,https://bazaar.abuse.ch/sample/d360716cab46152dedb9c0b7179d1dc36fc8040be312cf62f76229d1d3145bd7/,Si,https://www.virustotal.com/gui/file/d360716cab46152dedb9c0b7179d1dc36fc8040be312cf62f76229d1d3145bd7,,,Linux / ELF,,,2025-04-20 06:38:00,p.txt,548616,"elf, XorDDoS",abuse_ch
602,XorDDoS,2025,89c8bf3e09d8179b979e08eff7b18aa1,a05b92cbb69e1a68fab7034e7ff2beca572d6cc2,ce47e4dfa397b69b82c7081d705d60b075e14143e942942a6d08ea1af09c12eb,https://bazaar.abuse.ch/sample/ce47e4dfa397b69b82c7081d705d60b075e14143e942942a6d08ea1af09c12eb/,Si,https://www.virustotal.com/gui/file/ce47e4dfa397b69b82c7081d705d60b075e14143e942942a6d08ea1af09c12eb,,,Linux / ELF,,,2025-05-10 06:47:46,21,625867,"elf, XorDDoS",abuse_ch
603,XorDDoS,2025,527f82b2285ac2a6b2cfe3eb9712ebde,e51a2bae220d494d1c9345dd314756c2141e3e91,52f74b25e1c3de023526ea8d8d3f93990523506dd3e5535cc53695092c1f982b,https://bazaar.abuse.ch/sample/52f74b25e1c3de023526ea8d8d3f93990523506dd3e5535cc53695092c1f982b/,Si,https://www.virustotal.com/gui/file/52f74b25e1c3de023526ea8d8d3f93990523506dd3e5535cc53695092c1f982b,,,Linux / ELF,,,2025-05-12 21:42:15,112,562240,"elf, XorDDoS",abuse_ch
604,XorDDoS,2025,7f2385e105b426c8ee8993a21dceadb0,5ff794cd883480350380cdc5802f2fcaffa3a873,9a7301e597d51379f5e31de9c748adff6effc46aba56cd288e7911184bb6e90f,https://bazaar.abuse.ch/sample/9a7301e597d51379f5e31de9c748adff6effc46aba56cd288e7911184bb6e90f/,Si,https://www.virustotal.com/gui/file/9a7301e597d51379f5e31de9c748adff6effc46aba56cd288e7911184bb6e90f,,,Linux / ELF,,,2025-05-13 13:36:55,112,59368,"elf, XorDDoS",abuse_ch
605,XorDDoS,2025,a0bedacd69f34e781b43ed8f7e81150b,3dcd5caeef6b685564cdc536498cf20dbe6537dd,607581255b01b191d549a550965142f01bd6a7e34c8beb14113553a7d8dfe0ab,https://bazaar.abuse.ch/sample/607581255b01b191d549a550965142f01bd6a7e34c8beb14113553a7d8dfe0ab/,Si,https://www.virustotal.com/gui/file/607581255b01b191d549a550965142f01bd6a7e34c8beb14113553a7d8dfe0ab,,,Linux / ELF,,,2025-08-07 07:02:31,8001,625867,"elf, XorDDoS",abuse_ch
606,XorDDoS,2025,33669fbc887d1624793ac7532c188697,13eeabefde0555cc48c1f9d7360e1c1f65d5155e,4c91eb5a7bf30c02960229c0bdeca864043b2cd88ae9e4e5f17bf6ca9a379de8,https://bazaar.abuse.ch/sample/4c91eb5a7bf30c02960229c0bdeca864043b2cd88ae9e4e5f17bf6ca9a379de8/,Si,https://www.virustotal.com/gui/file/4c91eb5a7bf30c02960229c0bdeca864043b2cd88ae9e4e5f17bf6ca9a379de8,,,Linux / ELF,,,2025-08-07 21:09:40,libudev.so,548660,"ddos, elf, malware, XorDDoS",Astr3xus
607,XorDDoS,2025,b51476351c030b45c982011e12be17d7,9db5baba5f06bc3e6d5b78de1505eee915690148,6ddf688bdf16a1d465aef954ff90b372dacd8162bac2c7797ff7b6b4f20afcbc,https://bazaar.abuse.ch/sample/6ddf688bdf16a1d465aef954ff90b372dacd8162bac2c7797ff7b6b4f20afcbc/,Si,https://www.virustotal.com/gui/file/6ddf688bdf16a1d465aef954ff90b372dacd8162bac2c7797ff7b6b4f20afcbc,,,Linux / ELF,,,2025-08-14 21:06:19,p.txt,555272,"elf, XorDDoS",abuse_ch
608,XorDDoS,2025,a3bb9946d21a1e3a9eaebc752d0e0db7,951e404d13747f567bd8d81d9170b832f64b28ce,09898756f3e900900093fe4890680734f41ece38362912f4da2a3994a12a833e,https://bazaar.abuse.ch/sample/09898756f3e900900093fe4890680734f41ece38362912f4da2a3994a12a833e/,Si,https://www.virustotal.com/gui/file/09898756f3e900900093fe4890680734f41ece38362912f4da2a3994a12a833e,,,Linux / ELF,,,2025-08-22 05:53:09,p.txt,548616,"elf, XorDDoS",abuse_ch
609,XorDDoS,2025,05a539916f43952bdb4f249f46dde6a9,96cec17277f33bcb1463d2df5c1ff24f9ad5add7,5fefeaf30b8cd96607ee013a771c619d2bcba75e294f57e98ba86e8b40e51090,https://bazaar.abuse.ch/sample/5fefeaf30b8cd96607ee013a771c619d2bcba75e294f57e98ba86e8b40e51090/,Si,https://www.virustotal.com/gui/file/5fefeaf30b8cd96607ee013a771c619d2bcba75e294f57e98ba86e8b40e51090,,,Linux / ELF,,,2025-08-23 14:00:58,p.txt,548616,"elf, XorDDoS",abuse_ch
610,XorDDoS,2025,49597f30f671c6a2d8657aad728b9d5e,73fd434aafab8fc390d07f981b13f26fefbf83b7,10e43894490d98a91f3d409a83d984556d619e91782333033ad3d7fb1b9def8b,https://bazaar.abuse.ch/sample/10e43894490d98a91f3d409a83d984556d619e91782333033ad3d7fb1b9def8b/,Si,https://www.virustotal.com/gui/file/10e43894490d98a91f3d409a83d984556d619e91782333033ad3d7fb1b9def8b,,,Linux / ELF,,,2025-08-24 18:16:00,p.txt,548616,"elf, XorDDoS",abuse_ch
611,XorDDoS,2025,71c70f7896d347b9a9d3873f6594bed4,3cb0c6456d6e6f79ec68444ef3419f6269b1f873,c3714fc0446a1adaedbc86e3dd0b2121e65b34cc3d40494f709c6873fa0d56bc,https://bazaar.abuse.ch/sample/c3714fc0446a1adaedbc86e3dd0b2121e65b34cc3d40494f709c6873fa0d56bc/,Si,https://www.virustotal.com/gui/file/c3714fc0446a1adaedbc86e3dd0b2121e65b34cc3d40494f709c6873fa0d56bc,,,Linux / ELF,,,2025-08-26 20:50:23,p.txt,548616,"elf, XorDDoS",abuse_ch
612,XorDDoS,2025,c6e68651a8b8c66bcc4ec419aa4b7316,f0549bf24a24fb4a62190970ffa0f08b3fb88d1e,69f17c943d7b5f987095d3c288e2e6e5e3f940ae2ce4c35cec24cde07695e977,https://bazaar.abuse.ch/sample/69f17c943d7b5f987095d3c288e2e6e5e3f940ae2ce4c35cec24cde07695e977/,Si,https://www.virustotal.com/gui/file/69f17c943d7b5f987095d3c288e2e6e5e3f940ae2ce4c35cec24cde07695e977,,,Linux / ELF,,,2025-09-09 15:03:43,p.txt,548616,"elf, XorDDoS",abuse_ch
613,XorDDoS,2025,55e2086f49c2a5ad7efe2ea25a738534,b972259e0571ea143c43b8b77f71a82b3c9f15db,0007aa8a69792a6e7fab0cf3078897810ce61a1d15bfdc98509c6aa7b1e99fbc,https://bazaar.abuse.ch/sample/0007aa8a69792a6e7fab0cf3078897810ce61a1d15bfdc98509c6aa7b1e99fbc/,Si,https://www.virustotal.com/gui/file/0007aa8a69792a6e7fab0cf3078897810ce61a1d15bfdc98509c6aa7b1e99fbc,,,Linux / ELF,,,2025-09-10 08:38:29,p.txt,548616,"elf, XorDDoS",abuse_ch
614,XorDDoS,2025,720c75bfcecad5ac0f57893b74676583,aa06904033abd2e1a080e7be3552f4bd91413c7c,8f5ebb5b1c09744b4bb0087dca66360530533a1913151eaa04f17b691aae5a6b,https://bazaar.abuse.ch/sample/8f5ebb5b1c09744b4bb0087dca66360530533a1913151eaa04f17b691aae5a6b/,Si,https://www.virustotal.com/gui/file/8f5ebb5b1c09744b4bb0087dca66360530533a1913151eaa04f17b691aae5a6b,,,Linux / ELF,,,2025-10-23 06:15:09,p.txt,548616,"elf, XorDDoS",abuse_ch
615,XorDDoS,2025,f075a45d0f9159aca526e13870de7b28,1f74f062b39def7ba488b1e5dfcd56fcb87c5768,a544fa8b34122876e3e0140c480c967aad0b26d84823ae6fdd1bc961e47d8b15,https://bazaar.abuse.ch/sample/a544fa8b34122876e3e0140c480c967aad0b26d84823ae6fdd1bc961e47d8b15/,Si,https://www.virustotal.com/gui/file/a544fa8b34122876e3e0140c480c967aad0b26d84823ae6fdd1bc961e47d8b15,,,Linux / ELF,,,2025-11-01 05:35:16,p.txt,548616,"elf, XorDDoS",abuse_ch
616,XorDDoS,2026,45ca9df0b72780edd2fac699e0ff0cf0,5271a0f1ce5f76f4321059ff98b7d098daac2bb1,11a193c69960b31d6835de4157001608179d8b4e0dc4f9199b50cf0f5bdb87b3,https://bazaar.abuse.ch/sample/11a193c69960b31d6835de4157001608179d8b4e0dc4f9199b50cf0f5bdb87b3/,Si,https://www.virustotal.com/gui/file/11a193c69960b31d6835de4157001608179d8b4e0dc4f9199b50cf0f5bdb87b3,,,Linux / ELF,,,2026-01-14 07:00:45,p.txt,529654,"elf, XorDDoS",abuse_ch
617,XorDDoS,2026,f6f51f630764c20ff6e39996ad4e11f7,41a9f72490b10ab3469388b3e2aa5bd23513f2cc,4a1dfdddfcee13ba78e8e21ed9f8ef1a5568fb241a60149e6cc9791f03ea8527,https://bazaar.abuse.ch/sample/4a1dfdddfcee13ba78e8e21ed9f8ef1a5568fb241a60149e6cc9791f03ea8527/,Si,https://www.virustotal.com/gui/file/4a1dfdddfcee13ba78e8e21ed9f8ef1a5568fb241a60149e6cc9791f03ea8527,,,Linux / ELF,,,2026-01-15 19:05:48,p.txt,502280,"elf, XorDDoS",abuse_ch
618,XorDDoS,2026,03a1fb595430dd607bde61e4a9424030,0a3f4065c0d633cea0bcab56adce87226264e018,acced0abfe7763c3eff473af94288d0d154a0ce5773284c1492aa0ddc670d44b,https://bazaar.abuse.ch/sample/acced0abfe7763c3eff473af94288d0d154a0ce5773284c1492aa0ddc670d44b/,Si,https://www.virustotal.com/gui/file/acced0abfe7763c3eff473af94288d0d154a0ce5773284c1492aa0ddc670d44b,,,Linux / ELF,,,2026-01-23 10:28:03,p.txt,435598,"elf, XorDDoS",abuse_ch
619,XorDDoS,2026,4f59d8e381cb1197a8fb68270e33a2f2,2a57cda55eaee820a348b941b0b7c831cb4052c1,c144705c7379676990423aa3e3e6623092173e530fc8e33ffdd4e7c480371623,https://bazaar.abuse.ch/sample/c144705c7379676990423aa3e3e6623092173e530fc8e33ffdd4e7c480371623/,Si,https://www.virustotal.com/gui/file/c144705c7379676990423aa3e3e6623092173e530fc8e33ffdd4e7c480371623,,,Linux / ELF,,,2026-01-26 11:36:00,p.txt,421054,"elf, XorDDoS",abuse_ch
620,XorDDoS,2026,cce99e63a6107fc652a3f852a745955e,28482d5b6a329d7ec46900a36f0812235e4a74e2,54c52935ba547039789eeec03e00c62ddf7e71006990b398bd4db6623343e060,https://bazaar.abuse.ch/sample/54c52935ba547039789eeec03e00c62ddf7e71006990b398bd4db6623343e060/,Si,https://www.virustotal.com/gui/file/54c52935ba547039789eeec03e00c62ddf7e71006990b398bd4db6623343e060,,,Linux / ELF,,,2026-01-31 08:53:59,p.txt,385454,"elf, XorDDoS",abuse_ch
621,XorDDoS,2026,deb5129de8e3749dd7bad82c22a0ce0d,5cd172e576dd0d6c14d890d78fbb2298839e7b25,b62be5224f27f9438213215d0549319111ae87383cbf33fc0939869ac90f9b58,https://bazaar.abuse.ch/sample/b62be5224f27f9438213215d0549319111ae87383cbf33fc0939869ac90f9b58/,Si,https://www.virustotal.com/gui/file/b62be5224f27f9438213215d0549319111ae87383cbf33fc0939869ac90f9b58,,,Linux / ELF,,,2026-02-18 07:02:55,p.txt,555272,"elf, XorDDoS",abuse_ch
622,XorDDoS,2026,87b48cad3e05edc3a20bc65539c0cfc7,0651b6070b704df55893580a9e6871b69e353604,5b15e7a49f953e28a06ee8aa2d50811edd8566005117af2b0599d07bbd41d8d9,https://bazaar.abuse.ch/sample/5b15e7a49f953e28a06ee8aa2d50811edd8566005117af2b0599d07bbd41d8d9/,Si,https://www.virustotal.com/gui/file/5b15e7a49f953e28a06ee8aa2d50811edd8566005117af2b0599d07bbd41d8d9,,,Linux / ELF,,,2026-02-19 13:07:31,p.txt,555272,"elf, XorDDoS",abuse_ch
623,XorDDoS,2026,e19c17973b107cd9439fb5c6807a5ee2,91526fe606edcee0cb4e16e67d64020c44e479d9,eae72481b82348783a682cf62b64d242c1e3b1756ccbff5bf030c5a0ba0b152d,https://bazaar.abuse.ch/sample/eae72481b82348783a682cf62b64d242c1e3b1756ccbff5bf030c5a0ba0b152d/,Si,https://www.virustotal.com/gui/file/eae72481b82348783a682cf62b64d242c1e3b1756ccbff5bf030c5a0ba0b152d,,,Linux / ELF,,,2026-02-23 02:37:56,p.txt,555272,"elf, XorDDoS",abuse_ch
624,XorDDoS,2026,30a96252a7d31bf6b6c3b4b9b31d8dbc,e7b609f11f51aac7432ff4580232b41c3b69a22c,500150916281fdc7c246b3ad360a57324bd23b58004e94b082b4aa4acbc1dde8,https://bazaar.abuse.ch/sample/500150916281fdc7c246b3ad360a57324bd23b58004e94b082b4aa4acbc1dde8/,Si,https://www.virustotal.com/gui/file/500150916281fdc7c246b3ad360a57324bd23b58004e94b082b4aa4acbc1dde8,,,Linux / ELF,,,2026-04-24 05:23:00,new.txt,114768,"elf, XorDDoS",abuse_ch
